INSERT INTO auth.users (instance_id,id,aud,role,email,encrypted_password,email_confirmed_at,invited_at,confirmation_token,confirmation_sent_at,recovery_token,recovery_sent_at,email_change_token_new,email_change,email_change_sent_at,last_sign_in_at,raw_app_meta_data,raw_user_meta_data,is_super_admin,created_at,updated_at,phone,phone_confirmed_at,phone_change,phone_change_token,phone_change_sent_at,email_change_token_current,email_change_confirm_status,banned_until,reauthentication_token,reauthentication_sent_at,is_sso_user,deleted_at,is_anonymous) VALUES ('00000000-0000-0000-0000-000000000000', '0f5d546a-dd80-5406-a005-a4f3061b9fb4', 'authenticated', 'authenticated', 'jake@c.com', '$2b$10$2cSKOqVBK5My2njNvxh/ne9XWwxctJyOsKMbwFAU55ZQnN6Cmkhu.', '2020-02-10T13:34:50.000Z', '2020-03-07T03:00:57.000Z', 'Videant qui et restatem eas causa epicipsa.', '2020-12-28T11:35:00.000Z', 'Graecistius ab esse verum libervi, periis sit vire vitamicar voluptatem atione fortibus eo.', '2020-01-09T00:49:11.000Z', 'Concere ego nihil intellegan intera.', 'Lectorquem otis optimi sentiar legantiam scaevole.', '2020-10-02T09:19:38.000Z', '2020-08-16T19:13:05.000Z', '{"provider":"email","providers":["email"]}', '{"name":"jake","email":"jake@c.com","username":"jchaselubitz"}', 'f', '2020-06-06T05:41:47.000Z', '2020-03-11T02:10:13.000Z', DEFAULT, '2020-03-11T02:53:19.000Z', DEFAULT, DEFAULT, '2020-12-24T11:30:02.000Z', DEFAULT, DEFAULT, '2020-06-10T05:08:46.000Z', DEFAULT, '2020-06-26T17:49:35.000Z', DEFAULT, '2020-03-23T14:25:27.000Z', DEFAULT), ('00000000-0000-0000-0000-000000000000', '5fef9e7c-116a-5504-a6ae-d16f4442d448', 'authenticated', 'authenticated', 'tina@c.com', '$2b$10$GMUIauBGfzq/FXe7UCIndeVqY4JZWRKC1WqNWZxZJ7fa/PSRT6FbG', '2020-02-26T13:38:22.000Z', '2020-03-23T14:40:28.000Z', 'Epicium confirmissum inem andae dolordinem nec util.', '2020-10-18T22:13:30.000Z', 'Rerum dum orum amiciti quam, insequimur aut maximus dis ad illus.', '2020-09-25T08:22:24.000Z', 'Se eius et continere sedatum et, vituptas iudicarte necest in omnesque saepe spatio.', 'Is liberea consequatur ne liberenda etiamque quasi.', '2020-06-18T17:21:57.000Z', '2020-03-27T14:58:22.000Z', '{"provider":"email","providers":["email"]}', '{"name":"Tina","email":"tina@c.com","username":"tina"}', 'f', '2020-01-17T12:52:35.000Z', '2020-05-25T17:01:44.000Z', DEFAULT, '2020-07-19T18:13:25.000Z', DEFAULT, DEFAULT, '2020-06-22T05:10:29.000Z', DEFAULT, DEFAULT, '2020-04-04T15:27:18.000Z', DEFAULT, '2020-06-06T17:32:29.000Z', DEFAULT, '2020-08-12T20:00:19.000Z', DEFAULT), ('00000000-0000-0000-0000-000000000000', '5ac46069-d153-5b50-a0be-8a017d379243', 'authenticated', 'authenticated', 'lucas@c.com', '$2b$10$GMUIauBGfzq/FXe7UCIndeVqY4JZWRKC1WqNWZxZJ7fa/PSRT6FbG', '2020-03-19T03:03:29.000Z', '2020-03-19T14:02:18.000Z', 'Es susciplinam beate cum omnes, orest detere assuevergo enim ferre inbecilit peritia ipsas.', '2020-07-19T18:34:10.000Z', 'A isset philos via consequam.', '2020-08-04T19:41:54.000Z', 'Anim praesenimos tamquam cum habensa virtus, corpore qui ambigua quid se quieti consilio voluptatib.', 'Finxeratur il actant est finistimid erat.', '2020-05-13T16:18:40.000Z', '2020-06-06T17:45:25.000Z', '{"provider":"email","providers":["email"]}', '{"name":"Lucas","email":"lucas@c.com","username":"lucas"}', 'f', '2020-02-26T13:44:11.000Z', '2020-03-15T14:17:38.000Z', DEFAULT, '2020-04-24T15:47:54.000Z', DEFAULT, DEFAULT, '2020-05-09T04:17:32.000Z', DEFAULT, DEFAULT, '2020-02-02T01:18:30.000Z', DEFAULT, '2020-06-18T06:02:16.000Z', DEFAULT, '2020-03-23T14:10:39.000Z', DEFAULT), ('00000000-0000-0000-0000-000000000000', '5f2c632c-1003-5d3e-94f5-6085899aa359', 'authenticated', 'authenticated', 'simas@c.com', '$2b$10$GMUIauBGfzq/FXe7UCIndeVqY4JZWRKC1WqNWZxZJ7fa/PSRT6FbG', '2020-12-12T11:31:28.000Z', NULL, NULL, NULL, NULL, NULL, NULL, '', NULL, NULL, '{"provider":"email","providers":["email"]}', '{"name":"Simas","email":"simas@c.com","username":"simas"}', 'f', '2020-10-14T21:49:12.000Z', '2020-11-03T10:50:29.000Z', DEFAULT, '2020-01-13T12:12:47.000Z', DEFAULT, DEFAULT, '2020-10-02T21:18:35.000Z', DEFAULT, DEFAULT, NULL, DEFAULT, '2020-10-18T09:33:18.000Z', DEFAULT, NULL, DEFAULT);
INSERT INTO auth.users (instance_id,id,aud,role,email,encrypted_password,email_confirmed_at,invited_at,confirmation_token,confirmation_sent_at,recovery_token,recovery_sent_at,email_change_token_new,email_change,email_change_sent_at,last_sign_in_at,raw_app_meta_data,raw_user_meta_data,is_super_admin,created_at,updated_at,phone,phone_confirmed_at,phone_change,phone_change_token,phone_change_sent_at,email_change_token_current,email_change_confirm_status,banned_until,reauthentication_token,reauthentication_sent_at,is_sso_user,deleted_at,is_anonymous) VALUES ('00000000-0000-0000-0000-000000000000', '201a57ad-3e5f-593b-903c-61b025ec68b0', 'authenticated', 'authenticated', 'Daron_Kovacek27222@acme.org', '$2b$10$GMUIauBGfzq/FXe7UCIndeVqY4JZWRKC1WqNWZxZJ7fa/PSRT6FbG', '2020-06-06T17:25:43.000Z', NULL, NULL, NULL, NULL, NULL, NULL, '', NULL, NULL, '{"provider":"email","providers":["email"]}', '{"name":"Daron_Kovacek27222","email":"Daron_Kovacek27222@acme.org","username":"Daron_Kovacek27222"}', 'f', '2020-08-04T07:46:06.000Z', '2020-09-05T09:09:22.000Z', DEFAULT, '2020-11-19T22:19:24.000Z', DEFAULT, DEFAULT, '2020-08-20T07:21:54.000Z', DEFAULT, DEFAULT, '2020-06-02T05:39:24.000Z', DEFAULT, '2020-06-02T17:13:53.000Z', DEFAULT, NULL, DEFAULT), ('00000000-0000-0000-0000-000000000000', '84904b59-72e6-54be-8cc2-f6f36c087959', 'authenticated', 'authenticated', 'Erwin.Douglas32000@acme.org', '$2b$10$GMUIauBGfzq/FXe7UCIndeVqY4JZWRKC1WqNWZxZJ7fa/PSRT6FbG', '2020-10-06T22:04:26.000Z', NULL, NULL, NULL, NULL, NULL, NULL, '', NULL, NULL, '{"provider":"email","providers":["email"]}', '{"name":"Erwin.Douglas32000","email":"Erwin.Douglas32000@acme.org","username":"Erwin.Douglas32000"}', 'f', '2020-05-17T16:56:22.000Z', '2020-10-22T09:23:27.000Z', DEFAULT, '2020-06-02T17:17:23.000Z', DEFAULT, DEFAULT, '2020-08-20T07:46:28.000Z', DEFAULT, DEFAULT, '2020-06-10T05:59:34.000Z', DEFAULT, '2020-01-13T12:31:12.000Z', DEFAULT, NULL, DEFAULT), ('00000000-0000-0000-0000-000000000000', '598720fe-85ea-5d65-be77-84cde8cedb1e', 'authenticated', 'authenticated', 'Robyn_Marquardt70515@acme.org', '$2b$10$GMUIauBGfzq/FXe7UCIndeVqY4JZWRKC1WqNWZxZJ7fa/PSRT6FbG', '2020-06-22T05:20:30.000Z', NULL, NULL, NULL, NULL, NULL, NULL, '', NULL, NULL, '{"provider":"email","providers":["email"]}', '{"name":"Robyn_Marquardt70515","email":"Robyn_Marquardt70515@acme.org","username":"Robyn_Marquardt70515"}', 'f', '2020-11-07T10:46:28.000Z', '2020-04-24T15:05:57.000Z', DEFAULT, '2020-05-09T04:52:57.000Z', DEFAULT, DEFAULT, '2020-11-27T10:26:18.000Z', DEFAULT, DEFAULT, '2020-08-04T07:27:55.000Z', DEFAULT, '2020-01-01T12:40:47.000Z', DEFAULT, NULL, DEFAULT), ('00000000-0000-0000-0000-000000000000', '7694c29f-250e-5568-b2b3-d9dcb7cf3403', 'authenticated', 'authenticated', 'Kenneth.Adams66913@acme.org', '$2b$10$GMUIauBGfzq/FXe7UCIndeVqY4JZWRKC1WqNWZxZJ7fa/PSRT6FbG', '2020-09-21T20:27:27.000Z', NULL, NULL, NULL, NULL, NULL, NULL, '', NULL, NULL, '{"provider":"email","providers":["email"]}', '{"name":"Kenneth.Adams66913","email":"Kenneth.Adams66913@acme.org","username":"Kenneth.Adams66913"}', 'f', '2020-03-11T14:18:23.000Z', '2020-05-09T05:04:51.000Z', DEFAULT, '2020-11-23T10:55:49.000Z', DEFAULT, DEFAULT, '2020-02-18T01:17:08.000Z', DEFAULT, DEFAULT, '2020-08-16T07:57:07.000Z', DEFAULT, '2020-02-22T13:10:55.000Z', DEFAULT, NULL, DEFAULT), ('00000000-0000-0000-0000-000000000000', 'a48b587e-6d30-5687-a8c3-52266b42a879', 'authenticated', 'authenticated', 'Leatha_Hoeger18222@acme.org', '$2b$10$GMUIauBGfzq/FXe7UCIndeVqY4JZWRKC1WqNWZxZJ7fa/PSRT6FbG', '2020-08-04T07:53:40.000Z', NULL, NULL, NULL, NULL, NULL, NULL, '', NULL, NULL, '{"provider":"email","providers":["email"]}', '{"name":"Leatha_Hoeger18222","email":"Leatha_Hoeger18222@acme.org","username":"Leatha_Hoeger18222"}', 'f', '2020-02-14T01:04:43.000Z', '2020-08-24T19:46:04.000Z', DEFAULT, '2020-02-14T13:21:51.000Z', DEFAULT, DEFAULT, '2020-09-21T20:46:27.000Z', DEFAULT, DEFAULT, '2020-05-17T16:27:42.000Z', DEFAULT, '2020-01-05T00:14:46.000Z', DEFAULT, NULL, DEFAULT), ('00000000-0000-0000-0000-000000000000', '0b822969-cf55-5a03-8676-9adebfef1c2b', 'authenticated', 'authenticated', 'Damion.Heathcote70444@acme.org', '$2b$10$GMUIauBGfzq/FXe7UCIndeVqY4JZWRKC1WqNWZxZJ7fa/PSRT6FbG', '2020-11-27T10:16:16.000Z', NULL, NULL, NULL, NULL, NULL, NULL, '', NULL, NULL, '{"provider":"email","providers":["email"]}', '{"name":"Damion.Heathcote70444","email":"Damion.Heathcote70444@acme.org","username":"Damion.Heathcote70444"}', 'f', '2020-01-25T12:59:50.000Z', '2020-04-24T03:38:14.000Z', DEFAULT, '2020-08-08T19:44:25.000Z', DEFAULT, DEFAULT, '2020-06-02T17:20:53.000Z', DEFAULT, DEFAULT, '2020-03-27T15:05:43.000Z', DEFAULT, '2020-12-08T23:42:28.000Z', DEFAULT, NULL, DEFAULT);
INSERT INTO public.statement (slug,statement_id,created_at,parent_statement_id,updated_at,creator_id,header_img,subtitle,thread_id,title) VALUES ('a863BOpQyx0bgVVKTiMRM', 'a863BOpQyx0bgVVKTiMRM', '2025-06-13T11:32:49.898Z', NULL, '2025-06-13T11:32:49.898Z', '0f5d546a-dd80-5406-a005-a4f3061b9fb4', 'https://conject.io/_next/image?url=https%3A%2F%2Fbewgymyresxixvkkqbzl.supabase.co%2Fstorage%2Fv1%2Fobject%2Fpublic%2Fstatement-images%2Fb66e1e24-0fbf-4b51-95cc-5093d7f2a04c%2Fe857d479be%2Fconflict.png&w=3840&q=75', 'The history of how the settlement movement dominated Israel''s priorities, torpedoed peace, and drove the cycle of violence.', '1', 'How We Got Here'), ('wN8kDYVNXmE9YUvqBEcoY', 'wN8kDYVNXmE9YUvqBEcoY', '2025-06-13T11:32:49.898Z', NULL, '2025-06-13T11:32:49.898Z', '5fef9e7c-116a-5504-a6ae-d16f4442d448', 'https://conject.io/_next/image?url=https%3A%2F%2Fbewgymyresxixvkkqbzl.supabase.co%2Fstorage%2Fv1%2Fobject%2Fpublic%2Fstatement-images%2Fb66e1e24-0fbf-4b51-95cc-5093d7f2a04c%2Fe857d479be%2Fconflict.png&w=3840&q=75', 'The history of how the settlement movement dominated Israel''s priorities, torpedoed peace, and drove the cycle of violence.', '1', 'International Perspectives on Peace'), ('6y2rBvN9aWzD7AKWa_aIa', '6y2rBvN9aWzD7AKWa_aIa', '2025-06-13T11:32:49.898Z', NULL, '2025-06-13T11:32:49.898Z', '5ac46069-d153-5b50-a0be-8a017d379243', 'https://conject.io/_next/image?url=https%3A%2F%2Fbewgymyresxixvkkqbzl.supabase.co%2Fstorage%2Fv1%2Fobject%2Fpublic%2Fstatement-images%2Fb66e1e24-0fbf-4b51-95cc-5093d7f2a04c%2Fe857d479be%2Fconflict.png&w=3840&q=75', 'The history of how the settlement movement dominated Israel''s priorities, torpedoed peace, and drove the cycle of violence.', '1', 'Security vs. Grievance: The Palestinian View'), ('Lli-D5Wv5jsF_TgS5HqKP', 'Lli-D5Wv5jsF_TgS5HqKP', '2025-06-13T11:32:49.898Z', NULL, '2025-06-13T11:32:49.898Z', '5ac46069-d153-5b50-a0be-8a017d379243', 'https://conject.io/_next/image?url=https%3A%2F%2Fbewgymyresxixvkkqbzl.supabase.co%2Fstorage%2Fv1%2Fobject%2Fpublic%2Fstatement-images%2Fb66e1e24-0fbf-4b51-95cc-5093d7f2a04c%2Fe857d479be%2Fconflict.png&w=3840&q=75', 'The history of how the settlement movement dominated Israel''s priorities, torpedoed peace, and drove the cycle of violence.', '1', 'Democracy, Security, and Expansion');
UPDATE public.statement SET parent_statement_id = 'a863BOpQyx0bgVVKTiMRM' WHERE statement_id = 'wN8kDYVNXmE9YUvqBEcoY';
UPDATE public.statement SET parent_statement_id = 'wN8kDYVNXmE9YUvqBEcoY' WHERE statement_id = '6y2rBvN9aWzD7AKWa_aIa';
UPDATE public.statement SET parent_statement_id = '6y2rBvN9aWzD7AKWa_aIa' WHERE statement_id = 'Lli-D5Wv5jsF_TgS5HqKP';
INSERT INTO public.statement (slug,statement_id,created_at,parent_statement_id,updated_at,creator_id,header_img,subtitle,thread_id,title) VALUES ('CGTI7Y0saHgI2IA51SsUs', 'CGTI7Y0saHgI2IA51SsUs', '2025-06-13T11:32:49.899Z', NULL, '2025-06-13T11:32:49.899Z', '201a57ad-3e5f-593b-903c-61b025ec68b0', 'https://conject.io/_next/image?url=https%3A%2F%2Fbewgymyresxixvkkqbzl.supabase.co%2Fstorage%2Fv1%2Fobject%2Fpublic%2Fstatement-images%2Fb66e1e24-0fbf-4b51-95cc-5093d7f2a04c%2Fe857d479be%2Fconflict.png&w=3840&q=75', 'The history of how the settlement movement dominated Israel''s priorities, torpedoed peace, and drove the cycle of violence.', NULL, 'Historical Context: Settlement Movement'), ('VUHvmf0JbGS9J4i3DEuNp', 'VUHvmf0JbGS9J4i3DEuNp', '2025-06-13T11:32:49.899Z', NULL, '2025-06-13T11:32:49.899Z', '84904b59-72e6-54be-8cc2-f6f36c087959', 'https://conject.io/_next/image?url=https%3A%2F%2Fbewgymyresxixvkkqbzl.supabase.co%2Fstorage%2Fv1%2Fobject%2Fpublic%2Fstatement-images%2Fb66e1e24-0fbf-4b51-95cc-5093d7f2a04c%2Fe857d479be%2Fconflict.png&w=3840&q=75', 'The history of how the settlement movement dominated Israel''s priorities, torpedoed peace, and drove the cycle of violence.', NULL, 'Societal Impacts of the Conflict'), ('bDF8IkGm0QBiC67Je6rdW', 'bDF8IkGm0QBiC67Je6rdW', '2025-06-13T11:32:49.899Z', NULL, '2025-06-13T11:32:49.899Z', '598720fe-85ea-5d65-be77-84cde8cedb1e', 'https://conject.io/_next/image?url=https%3A%2F%2Fbewgymyresxixvkkqbzl.supabase.co%2Fstorage%2Fv1%2Fobject%2Fpublic%2Fstatement-images%2Fb66e1e24-0fbf-4b51-95cc-5093d7f2a04c%2Fe857d479be%2Fconflict.png&w=3840&q=75', 'The history of how the settlement movement dominated Israel''s priorities, torpedoed peace, and drove the cycle of violence.', NULL, 'Expansion vs. Security: Ongoing Debate'), ('460Htbuyw-leIOX51JPYJ', '460Htbuyw-leIOX51JPYJ', '2025-06-13T11:32:49.899Z', NULL, '2025-06-13T11:32:49.899Z', '7694c29f-250e-5568-b2b3-d9dcb7cf3403', 'https://conject.io/_next/image?url=https%3A%2F%2Fbewgymyresxixvkkqbzl.supabase.co%2Fstorage%2Fv1%2Fobject%2Fpublic%2Fstatement-images%2Fb66e1e24-0fbf-4b51-95cc-5093d7f2a04c%2Fe857d479be%2Fconflict.png&w=3840&q=75', 'The history of how the settlement movement dominated Israel''s priorities, torpedoed peace, and drove the cycle of violence.', NULL, 'Acknowledging Both Histories'), ('lB9CUqp_nMuELYUPe0HlC', 'lB9CUqp_nMuELYUPe0HlC', '2025-06-13T11:32:49.899Z', NULL, '2025-06-13T11:32:49.899Z', 'a48b587e-6d30-5687-a8c3-52266b42a879', 'https://conject.io/_next/image?url=https%3A%2F%2Fbewgymyresxixvkkqbzl.supabase.co%2Fstorage%2Fv1%2Fobject%2Fpublic%2Fstatement-images%2Fb66e1e24-0fbf-4b51-95cc-5093d7f2a04c%2Fe857d479be%2Fconflict.png&w=3840&q=75', 'The history of how the settlement movement dominated Israel''s priorities, torpedoed peace, and drove the cycle of violence.', NULL, 'International Standing at Risk?'), ('Cqe7xZo2TXPFcdznGk0Y9', 'Cqe7xZo2TXPFcdznGk0Y9', '2025-06-13T11:32:49.899Z', NULL, '2025-06-13T11:32:49.899Z', '0b822969-cf55-5a03-8676-9adebfef1c2b', 'https://conject.io/_next/image?url=https%3A%2F%2Fbewgymyresxixvkkqbzl.supabase.co%2Fstorage%2Fv1%2Fobject%2Fpublic%2Fstatement-images%2Fb66e1e24-0fbf-4b51-95cc-5093d7f2a04c%2Fe857d479be%2Fconflict.png&w=3840&q=75', 'The history of how the settlement movement dominated Israel''s priorities, torpedoed peace, and drove the cycle of violence.', NULL, 'Security Concerns in Historical Context');
INSERT INTO public.collaborator (id,created_at,statement_id,user_id,role,updated_at) VALUES (5654099, '2025-06-13T11:32:49.901Z', 'a863BOpQyx0bgVVKTiMRM', '0f5d546a-dd80-5406-a005-a4f3061b9fb4', 'leadAuthor', '2025-06-13T11:32:49.901Z'), (4573958, '2025-06-13T11:32:49.901Z', 'a863BOpQyx0bgVVKTiMRM', '5fef9e7c-116a-5504-a6ae-d16f4442d448', 'leadAuthor', '2025-06-13T11:32:49.901Z'), (9358057, '2025-06-13T11:32:49.901Z', 'a863BOpQyx0bgVVKTiMRM', '5ac46069-d153-5b50-a0be-8a017d379243', 'leadAuthor', '2025-06-13T11:32:49.901Z'), (1772389, '2025-06-13T11:32:49.901Z', 'a863BOpQyx0bgVVKTiMRM', '5f2c632c-1003-5d3e-94f5-6085899aa359', 'leadAuthor', '2025-06-13T11:32:49.901Z'), (699802, '2025-06-13T11:32:49.901Z', 'a863BOpQyx0bgVVKTiMRM', '201a57ad-3e5f-593b-903c-61b025ec68b0', 'leadAuthor', '2025-06-13T11:32:49.901Z'), (12376990, '2025-06-13T11:32:49.901Z', 'a863BOpQyx0bgVVKTiMRM', '84904b59-72e6-54be-8cc2-f6f36c087959', 'leadAuthor', '2025-06-13T11:32:49.901Z'), (5930472, '2025-06-13T11:32:49.901Z', 'a863BOpQyx0bgVVKTiMRM', '598720fe-85ea-5d65-be77-84cde8cedb1e', 'leadAuthor', '2025-06-13T11:32:49.901Z'), (2124293, '2025-06-13T11:32:49.901Z', 'a863BOpQyx0bgVVKTiMRM', '7694c29f-250e-5568-b2b3-d9dcb7cf3403', 'leadAuthor', '2025-06-13T11:32:49.901Z'), (8469312, '2025-06-13T11:32:49.901Z', 'a863BOpQyx0bgVVKTiMRM', 'a48b587e-6d30-5687-a8c3-52266b42a879', 'leadAuthor', '2025-06-13T11:32:49.901Z'), (5596427, '2025-06-13T11:32:49.901Z', 'a863BOpQyx0bgVVKTiMRM', '0b822969-cf55-5a03-8676-9adebfef1c2b', 'leadAuthor', '2025-06-13T11:32:49.901Z');
SELECT setval('"public"."collaborator_id_seq"'::regclass, (SELECT MAX("id") FROM "public"."collaborator"));
INSERT INTO public.draft (id,created_at,creator_id,content,updated_at,statement_id,published_at,version_number) VALUES (1, '2025-06-13T11:32:49.902Z', NULL, 'Response: While Israel''s government asserts exclusive rights, many in the international community and among Israelis themselves believe that a just and lasting peace requires recognizing Palestinian rights and aspirations. The ongoing settlement expansion undermines prospects for a two-state solution and perpetuates conflict.', '2025-06-13T11:32:49.902Z', 'wN8kDYVNXmE9YUvqBEcoY', '2025-06-13T11:32:49.902Z', 1), (2, '2025-06-17T11:32:49.881Z', NULL, '“The Jewish people have an exclusive and indisputable right to all areas of the Land of Israel. The government will promote and develop settlement in all parts of the Land of Israel in the Galilee, the Negev, the Golan, Judea and Samaria.” So reads the first among the list of guiding principles Israel''s governing coalition formally announced upon taking power in late 2022 (source, translation).

This conviction that Jews have an exclusive claim to all the land between the Mediterranean Sea and the Jordan River is not new. It is both the cause and culmination of Israel''s decades-long settlement movement and the accompanying military occupation, which has left Palestinians, who comprise half of the land''s population, largely without rights. Palestinians have resisted this reality, but instead of recognizing this resistance as a result of its fundamental political contradiction—the desire to be both democratic and predominantly Jewish—Israel, a country with a liberal self-image, historical trauma, and diplomatic considerations, chose to frame it as a security problem.

By accepting this security framing, the international community mistakenly believed that Israel would naturally gravitate towards peace if only given sufficient security guarantees. In reality, any meaningful peace agreement would have threatened Israel''s greater priority: expanding settlements. Had the world recognized this dynamic, it could have forced Israel to cease construction and created the conditions under which sustainable peace might be possible. Failing to do so not only prevented the success of the peace process, but led inexorably to calamity.', '2025-06-17T11:32:49.881Z', 'a863BOpQyx0bgVVKTiMRM', '2025-06-17T11:32:49.881Z', 1), (3, '2025-06-15T11:32:49.881Z', NULL, 'Response: The framing of resistance as merely a security issue ignores the legitimate grievances and aspirations of Palestinians. Sustainable peace will only be possible when both peoples'' rights and histories are acknowledged and addressed in good faith negotiations.', '2025-06-15T11:32:49.881Z', '6y2rBvN9aWzD7AKWa_aIa', '2025-06-15T11:32:49.881Z', 1), (4, '2025-06-14T11:32:49.881Z', NULL, 'Response: Some argue that the current approach prioritizes territorial expansion over democratic values, risking Israel''s international standing and long-term security. Others maintain that security concerns are paramount given the region''s history of violence.', '2025-06-14T11:32:49.881Z', 'Lli-D5Wv5jsF_TgS5HqKP', '2025-06-14T11:32:49.881Z', 1);
UPDATE public.draft SET creator_id = '0f5d546a-dd80-5406-a005-a4f3061b9fb4' WHERE id = 1;
UPDATE public.draft SET creator_id = '0f5d546a-dd80-5406-a005-a4f3061b9fb4' WHERE id = 2;
UPDATE public.draft SET creator_id = '0f5d546a-dd80-5406-a005-a4f3061b9fb4' WHERE id = 3;
UPDATE public.draft SET creator_id = '0f5d546a-dd80-5406-a005-a4f3061b9fb4' WHERE id = 4;
SELECT setval('"public"."draft_id_seq"'::regclass, (SELECT MAX("id") FROM "public"."draft"));
INSERT INTO public.draft (id,created_at,creator_id,content,updated_at,statement_id,published_at,version_number) VALUES (5, '2025-06-13T11:32:49.903Z', NULL, 'Lorem ipsum dolor sit amet, consectetur adipiscing elit. Sed non risus. Suspendisse lectus tortor, dignissim sit amet, adipiscing nec, ultricies sed, dolor. Cras elementum ultrices diam.', '2025-06-13T11:32:49.903Z', 'CGTI7Y0saHgI2IA51SsUs', '2025-06-13T11:32:49.903Z', 1), (6, '2025-06-13T11:32:49.903Z', NULL, 'Maecenas ligula massa, varius a, semper congue, euismod non, mi. Proin porttitor, orci nec nonummy molestie, enim est eleifend mi, non fermentum diam nisl sit amet erat.', '2025-06-13T11:32:49.903Z', 'VUHvmf0JbGS9J4i3DEuNp', '2025-06-13T11:32:49.903Z', 1), (7, '2025-06-13T11:32:49.903Z', NULL, 'Response: Some argue that the current approach prioritizes territorial expansion over democratic values, risking Israel''s international standing and long-term security. Others maintain that security concerns are paramount given the region''s history of violence.', '2025-06-13T11:32:49.903Z', 'bDF8IkGm0QBiC67Je6rdW', '2025-06-13T11:32:49.903Z', 1), (8, '2025-06-13T11:32:49.903Z', NULL, 'Response: The framing of resistance as merely a security issue ignores the legitimate grievances and aspirations of Palestinians. Sustainable peace will only be possible when both peoples'' rights and histories are acknowledged and addressed in good faith negotiations.', '2025-06-13T11:32:49.903Z', '460Htbuyw-leIOX51JPYJ', '2025-06-13T11:32:49.903Z', 1), (9, '2025-06-13T11:32:49.903Z', NULL, 'Response: Some argue that the current approach prioritizes territorial expansion over democratic values, risking Israel''s international standing and long-term security. Others maintain that security concerns are paramount given the region''s history of violence.', '2025-06-13T11:32:49.903Z', 'lB9CUqp_nMuELYUPe0HlC', '2025-06-13T11:32:49.903Z', 1), (10, '2025-06-13T11:32:49.903Z', NULL, 'Response: Some argue that the current approach prioritizes territorial expansion over democratic values, risking Israel''s international standing and long-term security. Others maintain that security concerns are paramount given the region''s history of violence.', '2025-06-13T11:32:49.903Z', 'Cqe7xZo2TXPFcdznGk0Y9', '2025-06-13T11:32:49.903Z', 1);
UPDATE public.draft SET creator_id = '201a57ad-3e5f-593b-903c-61b025ec68b0' WHERE id = 5;
UPDATE public.draft SET creator_id = '84904b59-72e6-54be-8cc2-f6f36c087959' WHERE id = 6;
UPDATE public.draft SET creator_id = '598720fe-85ea-5d65-be77-84cde8cedb1e' WHERE id = 7;
UPDATE public.draft SET creator_id = '7694c29f-250e-5568-b2b3-d9dcb7cf3403' WHERE id = 8;
UPDATE public.draft SET creator_id = 'a48b587e-6d30-5687-a8c3-52266b42a879' WHERE id = 9;
UPDATE public.draft SET creator_id = '0b822969-cf55-5a03-8676-9adebfef1c2b' WHERE id = 10;
SELECT setval('"public"."draft_id_seq"'::regclass, (SELECT MAX("id") FROM "public"."draft"));
INSERT INTO public.annotation (id,created_at,updated_at,user_id,draft_id,start,"end",text,"tag",is_public) VALUES ('b3dc81ca-7163-550a-9f61-48588969b2b3', '2025-06-13T11:32:49.903Z', '2025-06-13T11:32:49.903Z', '84904b59-72e6-54be-8cc2-f6f36c087959', 10, 8, 12, 'In commodum sint eo quod laudanimbut declare sentianusque.', 'Quorum', 'f'), ('9381b988-9731-5e5f-be05-1b6d016bfcdd', '2025-06-13T11:32:49.904Z', '2025-06-13T11:32:49.904Z', '5f2c632c-1003-5d3e-94f5-6085899aa359', 8, 3, 19, 'Cum malorum philos iditura se non, homin si probam erque nec talibus versione.', 'Ceterime', 'f'), ('3026e785-1b9b-5a05-a6b3-7d8378fe2e9d', '2025-06-13T11:32:49.904Z', '2025-06-13T11:32:49.904Z', '5ac46069-d153-5b50-a0be-8a017d379243', 5, 10, 17, 'Expecuna sit inqueret est otio ophiae non.', 'Ad', 'f'), ('231194ff-196b-599f-bead-eac218db53cc', '2025-06-13T11:32:49.904Z', '2025-06-13T11:32:49.904Z', '7694c29f-250e-5568-b2b3-d9dcb7cf3403', 1, 0, 17, 'Non sensuscipit graece horrida voluptas.', 'Um', 't'), ('b6eb8059-ce41-5cc6-922f-ef38c6b1344e', '2025-06-13T11:32:49.904Z', '2025-06-13T11:32:49.904Z', 'a48b587e-6d30-5687-a8c3-52266b42a879', 8, 10, 16, 'Ut mox commodo tari effugiendam cuiquamur, in dicandistrah expetuis convendibil affeci.', 'In', 'f'), ('514171a5-ebc0-5f01-b5af-fad92e469b57', '2025-06-13T11:32:49.905Z', '2025-06-13T11:32:49.905Z', '201a57ad-3e5f-593b-903c-61b025ec68b0', 3, 3, 16, 'Et d laudanim aut im alter voluptatum iudicitum, esset constitut vivi conclusum desid.', 'Reprehent', 't'), ('d269ee89-fd3e-56ec-bab7-964edfd7e624', '2025-06-13T11:32:49.905Z', '2025-06-13T11:32:49.905Z', '5ac46069-d153-5b50-a0be-8a017d379243', 2, 2, 18, 'Delectam tamenimis mortis eos quae.', 'Scriberim', 'f'), ('f7f19cdd-3489-5d91-8e91-b333d57c0568', '2025-06-13T11:32:49.905Z', '2025-06-13T11:32:49.905Z', '598720fe-85ea-5d65-be77-84cde8cedb1e', 6, 9, 11, 'Id sit habet cognominpen quod indus et, ere es sent se perfectus.', 'Ad', 'f'), ('a3bb91fd-a595-5f4c-84ac-e4c53ffb13d5', '2025-06-13T11:32:49.905Z', '2025-06-13T11:32:49.906Z', 'a48b587e-6d30-5687-a8c3-52266b42a879', 9, 8, 18, 'Vivat nec omnes est iditurbes quae, corporis fuisse exmulto sempersequi modo atomnem ego apsa.', 'Maiorest', 'f'), ('527735e4-e082-5cc3-8dd2-ae6833b91caf', '2025-06-13T11:32:49.906Z', '2025-06-13T11:32:49.906Z', '0f5d546a-dd80-5406-a005-a4f3061b9fb4', 7, 4, 20, 'Quem ent aperia quo seditias.', 'Concurate', 'f'), ('3d26a4ca-2b88-5f7a-8bb4-39359802bab3', '2025-06-13T11:32:49.906Z', '2025-06-13T11:32:49.906Z', '0b822969-cf55-5a03-8676-9adebfef1c2b', 6, 6, 16, 'Sine sit autem vim quorum quae sapientia vitamicium, entis aut dixeration qui te voluptas reici ad.', 'Ponitaque', 'f'), ('f6078e17-014d-5196-94a0-54a9244f39d5', '2025-06-13T11:32:49.906Z', '2025-06-13T11:32:49.906Z', '0b822969-cf55-5a03-8676-9adebfef1c2b', 10, 6, 11, 'Modumquam et tantale et opem finit videatur insidua.', 'Il', 'f'), ('8bad9735-9811-5c90-b4e7-bd5945e1d63e', '2025-06-13T11:32:49.906Z', '2025-06-13T11:32:49.906Z', '598720fe-85ea-5d65-be77-84cde8cedb1e', 3, 2, 19, 'In gaudercitus antia provint privendi fuga frequentiam.', 'Direcorian', 'f'), ('3c23745a-1ae7-58f5-8c16-7bf60572b638', '2025-06-13T11:32:49.907Z', '2025-06-13T11:32:49.907Z', '84904b59-72e6-54be-8cc2-f6f36c087959', 5, 0, 16, 'Fabultat magnumquam multi in essit is cum.', 'Quia', 'f'), ('cab29b80-44bb-5cff-a471-3b4a03370f39', '2025-06-13T11:32:49.907Z', '2025-06-13T11:32:49.907Z', '0b822969-cf55-5a03-8676-9adebfef1c2b', 2, 3, 17, 'Sint philos quam etiam et quae quantaque, ignotionis nos imperspicuum o et.', 'Tota', 't'), ('30b2ec85-0b0d-5846-8e2f-d2cc46a43de5', '2025-06-13T11:32:49.907Z', '2025-06-13T11:32:49.907Z', '5ac46069-d153-5b50-a0be-8a017d379243', 3, 10, 15, 'Contingeren nullas ate versariam qui necest eorum nihillo, vel in nosque comprehentes abo.', 'Antium', 't'), ('78affded-be11-5b53-9df8-ce5eeeb687ff', '2025-06-13T11:32:49.907Z', '2025-06-13T11:32:49.907Z', '0f5d546a-dd80-5406-a005-a4f3061b9fb4', 5, 2, 16, 'Quo hanc aut probanimus et est.', 'Necest', 't'), ('a539356e-7109-5fec-be3e-1cc91074fc30', '2025-06-13T11:32:49.907Z', '2025-06-13T11:32:49.907Z', '598720fe-85ea-5d65-be77-84cde8cedb1e', 8, 6, 14, 'Omnium bonum aut quam igatqui recor spe inem.', 'Feratisse', 'f'), ('b4c8c23b-fc91-545d-b70c-17f234a68fb1', '2025-06-13T11:32:49.907Z', '2025-06-13T11:32:49.907Z', '598720fe-85ea-5d65-be77-84cde8cedb1e', 3, 2, 14, 'A rerum sentendisput referia integris nihil, is fatent iis ei neque audivi andi pluribus.', 'Dictum', 't'), ('2b9479cf-ba8b-538e-b66e-a9c68d4a5bed', '2025-06-13T11:32:49.908Z', '2025-06-13T11:32:49.908Z', 'a48b587e-6d30-5687-a8c3-52266b42a879', 4, 3, 13, 'Ex alleviorem manusdam hominvestra idem, ilem falsi contra quae mea sine sed novi.', 'Sibi', 'f');
INSERT INTO public.comment (id,created_at,updated_at,user_id,annotation_id,content,parent_id) VALUES ('df76bdb8-1d53-5552-9f87-4f469f69a50b', '2025-06-13T11:32:49.909Z', '2025-06-13T11:32:49.909Z', '7694c29f-250e-5568-b2b3-d9dcb7cf3403', '3c23745a-1ae7-58f5-8c16-7bf60572b638', 'Rem opus fabeli renovate motum et consule, tum futura propterumque fastidii detractis non.', NULL), ('79096e30-4c93-586a-ae5e-c6924e5c680b', '2025-06-13T11:32:49.909Z', '2025-06-13T11:32:49.909Z', '5ac46069-d153-5b50-a0be-8a017d379243', 'b3dc81ca-7163-550a-9f61-48588969b2b3', 'Molestum quietem quibus quae nec, idie facientiam si nos molessarum hoc necest quam.', NULL), ('af312969-77af-5f20-b23d-227ef6e9f1f3', '2025-06-13T11:32:49.909Z', '2025-06-13T11:32:49.909Z', '84904b59-72e6-54be-8cc2-f6f36c087959', 'a539356e-7109-5fec-be3e-1cc91074fc30', 'Neque feratomnes aut nobis tantur, natur voluptatem poetare il cohaeres torum quam sabin.', NULL), ('98de6748-b717-56a9-bf8d-78ccbd79c227', '2025-06-13T11:32:49.909Z', '2025-06-13T11:32:49.909Z', '0b822969-cf55-5a03-8676-9adebfef1c2b', 'b3dc81ca-7163-550a-9f61-48588969b2b3', 'Subtilius sed plane in corporistun.', NULL), ('a33548ac-6a8d-50f8-a8df-310e1ebd9811', '2025-06-13T11:32:49.909Z', '2025-06-13T11:32:49.909Z', '598720fe-85ea-5d65-be77-84cde8cedb1e', 'b4c8c23b-fc91-545d-b70c-17f234a68fb1', 'Abil perii voluptatem e es minus.', NULL), ('be6f6def-c62d-59d0-9bb2-aba568629421', '2025-06-13T11:32:49.909Z', '2025-06-13T11:32:49.909Z', '7694c29f-250e-5568-b2b3-d9dcb7cf3403', '514171a5-ebc0-5f01-b5af-fad92e469b57', 'Scribenimi eas sedulla verit nec, physicis non faciuncta et aliae parartibi minim philosopin.', NULL), ('4b7d382f-6078-5f96-ac2d-896000853093', '2025-06-13T11:32:49.909Z', '2025-06-13T11:32:49.909Z', '5fef9e7c-116a-5504-a6ae-d16f4442d448', 'b6eb8059-ce41-5cc6-922f-ef38c6b1344e', 'Sed a vero me tum, dolorum tranquillatin pendeniquid et itisque quidem.', NULL), ('20603468-029b-53d4-806a-4a559c496dc6', '2025-06-13T11:32:49.909Z', '2025-06-13T11:32:49.909Z', '84904b59-72e6-54be-8cc2-f6f36c087959', '30b2ec85-0b0d-5846-8e2f-d2cc46a43de5', 'In erius nam ophorreant voluptas vis.', NULL), ('02361b05-3eb2-5729-92b5-8fb75ee63f10', '2025-06-13T11:32:49.909Z', '2025-06-13T11:32:49.909Z', '0f5d546a-dd80-5406-a005-a4f3061b9fb4', '30b2ec85-0b0d-5846-8e2f-d2cc46a43de5', 'Quae nostra de deinde esse, tamensibus potuimus magnoperat erin physicis perspiciat.', NULL), ('490c21b6-435c-5486-99ba-b488a9383706', '2025-06-13T11:32:49.910Z', '2025-06-13T11:32:49.910Z', '0b822969-cf55-5a03-8676-9adebfef1c2b', 'b3dc81ca-7163-550a-9f61-48588969b2b3', 'Ea torem huic proficosop ellere se perii dici, recoris ille severitas etiam it utus.', NULL), ('dbb1c8d3-d843-5a37-8930-c809f9c08507', '2025-06-13T11:32:49.910Z', '2025-06-13T11:32:49.910Z', '7694c29f-250e-5568-b2b3-d9dcb7cf3403', '78affded-be11-5b53-9df8-ce5eeeb687ff', 'Oremus ex sequimur cohaerest admodo.', NULL), ('5e281ca1-144f-51a1-a13f-c72fd6f27b30', '2025-06-13T11:32:49.910Z', '2025-06-13T11:32:49.910Z', '7694c29f-250e-5568-b2b3-d9dcb7cf3403', '3c23745a-1ae7-58f5-8c16-7bf60572b638', 'Sequitur per noster positate fieri quos et nos, tua et quidem de quidem.', NULL), ('802e7ecd-dc29-5bd8-a94c-df6ba5a740dd', '2025-06-13T11:32:49.910Z', '2025-06-13T11:32:49.910Z', '0f5d546a-dd80-5406-a005-a4f3061b9fb4', '2b9479cf-ba8b-538e-b66e-a9c68d4a5bed', 'Tamento dicavitat iganimag esse si centur ingenii monet, oporibus non aliqui delecta dem.', NULL), ('9cd20a50-8c85-51cc-bc8e-49d6a51dccdc', '2025-06-13T11:32:49.910Z', '2025-06-13T11:32:49.910Z', '598720fe-85ea-5d65-be77-84cde8cedb1e', '527735e4-e082-5cc3-8dd2-ae6833b91caf', 'Nulla propos quot beate nos, est pertur sibi aut sine multi.', NULL), ('c3614af2-67ab-5d7f-b8fb-d6789cfa58f2', '2025-06-13T11:32:49.910Z', '2025-06-13T11:32:49.910Z', '5fef9e7c-116a-5504-a6ae-d16f4442d448', 'b3dc81ca-7163-550a-9f61-48588969b2b3', 'Cursio iustitum atione seritaque et expetere nec ea.', NULL), ('5635dd29-dc6b-57ac-ab0e-94c77c825f12', '2025-06-13T11:32:49.910Z', '2025-06-13T11:32:49.910Z', '7694c29f-250e-5568-b2b3-d9dcb7cf3403', '8bad9735-9811-5c90-b4e7-bd5945e1d63e', 'Aegritudin cum et quae virosophiae voluptatem.', NULL), ('5e00a538-e725-56d5-8818-7dd3cb0c2343', '2025-06-13T11:32:49.910Z', '2025-06-13T11:32:49.910Z', '0f5d546a-dd80-5406-a005-a4f3061b9fb4', '78affded-be11-5b53-9df8-ce5eeeb687ff', 'Se igam ut alii novumque, nec atum ipsistatem acut saepe liberardor quanto inationem.', NULL), ('a902c423-a9f2-51d0-9134-2147d66e67cd', '2025-06-13T11:32:49.910Z', '2025-06-13T11:32:49.910Z', '7694c29f-250e-5568-b2b3-d9dcb7cf3403', '3d26a4ca-2b88-5f7a-8bb4-39359802bab3', 'Mandamus etiam quidem sum omnisi.', NULL), ('5327c408-dc6e-5ca2-bd47-a3fd7108d80d', '2025-06-13T11:32:49.910Z', '2025-06-13T11:32:49.910Z', '7694c29f-250e-5568-b2b3-d9dcb7cf3403', 'a3bb91fd-a595-5f4c-84ac-e4c53ffb13d5', 'Dirigitiar imos afranius fugiat munerigit sunt dictum il.', NULL), ('8da1de0f-9ab2-5ff9-9cde-350436489648', '2025-06-13T11:32:49.910Z', '2025-06-13T11:32:49.910Z', '0f5d546a-dd80-5406-a005-a4f3061b9fb4', 'f6078e17-014d-5196-94a0-54a9244f39d5', 'Illa hoc ratio a distinax vera hoc, ferata ipsa cum quae sic ob.', NULL);
INSERT INTO public.statement_image (created_at,src,alt,statement_id,id,caption) VALUES ('2025-06-13T11:32:49.912Z', 'https://conject.io/_next/image?url=https%3A%2F%2Fbewgymyresxixvkkqbzl.supabase.co%2Fstorage%2Fv1%2Fobject%2Fpublic%2Fstatement-images%2Fb66e1e24-0fbf-4b51-95cc-5093d7f2a04c%2Fe857d479be%2Fconflict.png&w=3840&q=75', 'Non illam', 'a863BOpQyx0bgVVKTiMRM', 'cd7c1be2-3c04-5e48-b51f-2463a8f5413b', 'Voluptates evere dolorest adiunt omoranim aiunt si.'), ('2025-06-13T11:32:49.912Z', 'https://conject.io/_next/image?url=https%3A%2F%2Fbewgymyresxixvkkqbzl.supabase.co%2Fstorage%2Fv1%2Fobject%2Fpublic%2Fstatement-images%2Fb66e1e24-0fbf-4b51-95cc-5093d7f2a04c%2Fe857d479be%2Fconflict.png&w=3840&q=75', 'Vituptatem sapiendum omnem', 'a863BOpQyx0bgVVKTiMRM', '1dda0c05-a146-589f-866d-84d2c9abbdbe', 'Ad domus quam minim corporum.'), ('2025-06-13T11:32:49.913Z', 'https://conject.io/_next/image?url=https%3A%2F%2Fbewgymyresxixvkkqbzl.supabase.co%2Fstorage%2Fv1%2Fobject%2Fpublic%2Fstatement-images%2Fb66e1e24-0fbf-4b51-95cc-5093d7f2a04c%2Fe857d479be%2Fconflict.png&w=3840&q=75', 'Sunt as melius', 'a863BOpQyx0bgVVKTiMRM', '2fdfb2b3-717d-5385-96d1-df4e845c2ffd', 'Si sapiena et referere vitae.'), ('2025-06-13T11:32:49.913Z', 'https://conject.io/_next/image?url=https%3A%2F%2Fbewgymyresxixvkkqbzl.supabase.co%2Fstorage%2Fv1%2Fobject%2Fpublic%2Fstatement-images%2Fb66e1e24-0fbf-4b51-95cc-5093d7f2a04c%2Fe857d479be%2Fconflict.png&w=3840&q=75', 'As scribimamur video', 'a863BOpQyx0bgVVKTiMRM', 'ec25a4ae-1ef9-5c41-b96f-0c6c421642c1', 'Hoc illi santur uti carerudit mihi.'), ('2025-06-13T11:32:49.913Z', 'https://conject.io/_next/image?url=https%3A%2F%2Fbewgymyresxixvkkqbzl.supabase.co%2Fstorage%2Fv1%2Fobject%2Fpublic%2Fstatement-images%2Fb66e1e24-0fbf-4b51-95cc-5093d7f2a04c%2Fe857d479be%2Fconflict.png&w=3840&q=75', 'Sunt carumquam', 'a863BOpQyx0bgVVKTiMRM', 'a4c1c295-a0fe-58b2-b182-2af232178c8e', 'Ad vel corpus vacillud deinde sine expetentur si.'), ('2025-06-13T11:32:49.913Z', 'https://conject.io/_next/image?url=https%3A%2F%2Fbewgymyresxixvkkqbzl.supabase.co%2Fstorage%2Fv1%2Fobject%2Fpublic%2Fstatement-images%2Fb66e1e24-0fbf-4b51-95cc-5093d7f2a04c%2Fe857d479be%2Fconflict.png&w=3840&q=75', 'Libro bent', 'a863BOpQyx0bgVVKTiMRM', '530cf01b-7293-5f96-9000-2eedf7006041', 'Ipsam tollat ut constringenus possit ut crudelis, cum haberab faceriter averror aut.'), ('2025-06-13T11:32:49.914Z', 'https://conject.io/_next/image?url=https%3A%2F%2Fbewgymyresxixvkkqbzl.supabase.co%2Fstorage%2Fv1%2Fobject%2Fpublic%2Fstatement-images%2Fb66e1e24-0fbf-4b51-95cc-5093d7f2a04c%2Fe857d479be%2Fconflict.png&w=3840&q=75', 'Stare legant', 'a863BOpQyx0bgVVKTiMRM', '3e87aba8-ace1-5587-b225-c0b1ce9b4a97', 'Et chrysippo modo factis si dicere corpore sunt, inbecilit constituit eo sapiens estias.'), ('2025-06-13T11:32:49.914Z', 'https://conject.io/_next/image?url=https%3A%2F%2Fbewgymyresxixvkkqbzl.supabase.co%2Fstorage%2Fv1%2Fobject%2Fpublic%2Fstatement-images%2Fb66e1e24-0fbf-4b51-95cc-5093d7f2a04c%2Fe857d479be%2Fconflict.png&w=3840&q=75', 'Sapiena percusam', 'a863BOpQyx0bgVVKTiMRM', 'c24f4786-83bc-5b9b-9b6b-d1710c93143a', 'Aliquam videt cum quibus sed quippe quam, iliarit moderiores esse ari in reiciens.'), ('2025-06-13T11:32:49.914Z', 'https://conject.io/_next/image?url=https%3A%2F%2Fbewgymyresxixvkkqbzl.supabase.co%2Fstorage%2Fv1%2Fobject%2Fpublic%2Fstatement-images%2Fb66e1e24-0fbf-4b51-95cc-5093d7f2a04c%2Fe857d479be%2Fconflict.png&w=3840&q=75', 'Rediendum inorum', 'a863BOpQyx0bgVVKTiMRM', '837903bb-0bda-5acb-89a2-9d18498db122', 'Quodsi ut scientia ipsam viverinstruc confere accur non, etriaque laborteat ut bonum appellatin maluisti sum anum.'), ('2025-06-13T11:32:49.915Z', 'https://conject.io/_next/image?url=https%3A%2F%2Fbewgymyresxixvkkqbzl.supabase.co%2Fstorage%2Fv1%2Fobject%2Fpublic%2Fstatement-images%2Fb66e1e24-0fbf-4b51-95cc-5093d7f2a04c%2Fe857d479be%2Fconflict.png&w=3840&q=75', 'Dido studia disputata', 'a863BOpQyx0bgVVKTiMRM', 'f45b0292-8ba0-57b3-a4a4-61d49152f3fd', 'Atque aut summum non quot.');
INSERT INTO public.statement_citation (created_at,statement_id,author_names,title,title_publication,publisher,volume,issue,page_start,page_end,url,id,date,day,month,year,page_type) VALUES ('2025-06-13T11:32:49.916Z', 'a863BOpQyx0bgVVKTiMRM', 'Cathrine Hayes', 'Plane andissensib nomin', 'Plane andissensib nomin', 'Reiciatur', 'Reiciatur', 6, 52, 155, 'https://garner-virtue.info', 'aba47f00-a9bf-57b7-8469-6a0d7c501ea4', '2020-09-09T20:14:12.000Z', NULL, 3, 1930, 'Reiciatur'), ('2025-06-13T11:32:49.916Z', 'a863BOpQyx0bgVVKTiMRM', 'Hulda Hills', 'Ne cere procedatio', 'Ne cere procedatio', 'Vide', 'Vide', 4, 85, 199, 'https://staple-blazer.com', 'a97222c9-99eb-5710-bc94-3c6b0c2bd2de', '2020-08-12T07:32:56.000Z', NULL, 8, 1992, 'Vide'), ('2025-06-13T11:32:49.916Z', 'a863BOpQyx0bgVVKTiMRM', 'Khalil Botsford', 'Moveat praesent', 'Moveat praesent', 'Infanti', 'Infanti', 10, 1, 129, 'https://imaginarycontainer.name', 'd1bd6452-fd79-5078-89f1-cc70095279af', '2020-03-07T02:25:11.000Z', NULL, 12, 2009, 'Infanti'), ('2025-06-13T11:32:49.916Z', 'a863BOpQyx0bgVVKTiMRM', 'Sidney Mitchell', 'Indicita quoddam quasi', 'Indicita quoddam quasi', 'Sic', 'Sic', 5, 29, 143, 'https://intentionaldisagreement.org', '92a2ef09-aea8-5ace-9a33-90a790218d9c', '2020-03-19T14:08:08.000Z', NULL, 9, 1982, 'Sic'), ('2025-06-13T11:32:49.916Z', 'a863BOpQyx0bgVVKTiMRM', 'Delta Schumm', 'Partem quod', 'Partem quod', 'Neque', 'Neque', 1, 97, 129, 'https://rub-homogenate.info', 'f23e98a2-4073-5cbe-92fb-fd2c830ce85a', '2020-03-15T14:48:37.000Z', NULL, 11, 1997, 'Neque'), ('2025-06-13T11:32:49.917Z', 'a863BOpQyx0bgVVKTiMRM', 'Misael Barrows', 'Aeque doloraret qui', 'Aeque doloraret qui', 'Ne', 'Ne', 2, 32, 144, 'https://sidestep-algebra.info', 'c1c4a994-9fca-51b8-bee2-64327597782a', '2020-08-28T20:05:08.000Z', NULL, 12, 1955, 'Ne'), ('2025-06-13T11:32:49.917Z', 'a863BOpQyx0bgVVKTiMRM', 'Vella Steuber', 'Qui detracta et', 'Qui detracta et', 'Vivent', 'Vivent', 5, 64, 141, 'https://connect-pancreas.name', '65b103b6-6ecb-5e59-be46-b47ab94b3788', '2020-05-17T16:09:31.000Z', NULL, 8, 2021, 'Vivent'), ('2025-06-13T11:32:49.917Z', 'a863BOpQyx0bgVVKTiMRM', 'Juanita Corwin', 'Corpore os', 'Corpore os', 'Stoicos', 'Stoicos', 4, 54, 123, 'https://stencil-motion.name', '79997a76-fd40-5021-862b-4c993417beb9', '2020-06-14T18:08:30.000Z', NULL, 8, 2006, 'Stoicos'), ('2025-06-13T11:32:49.917Z', 'a863BOpQyx0bgVVKTiMRM', 'Audra Greenfelder', 'Vel afranius neque', 'Vel afranius neque', 'Modi', 'Modi', 5, 75, 128, 'https://attractive-gamebird.name', 'b8f4bebd-9764-5632-a384-c520ba35ff69', '2020-05-09T04:52:22.000Z', NULL, 10, 1936, 'Modi'), ('2025-06-13T11:32:49.917Z', 'a863BOpQyx0bgVVKTiMRM', 'Wilmer Abernathy', 'Magni quae', 'Magni quae', 'Doloremod', 'Doloremod', 2, 17, 175, 'https://luretell.biz', 'ed2e9dea-0367-5d0f-849c-cdd1e7d9d2d4', '2020-11-27T22:55:18.000Z', NULL, 3, 1992, 'Doloremod');
