INSERT INTO auth.users (instance_id,id,aud,role,email,encrypted_password,email_confirmed_at,invited_at,confirmation_token,confirmation_sent_at,recovery_token,recovery_sent_at,email_change_token_new,email_change,email_change_sent_at,last_sign_in_at,raw_app_meta_data,raw_user_meta_data,is_super_admin,created_at,updated_at,phone,phone_confirmed_at,phone_change,phone_change_token,phone_change_sent_at,email_change_token_current,email_change_confirm_status,banned_until,reauthentication_token,reauthentication_sent_at,is_sso_user,deleted_at,is_anonymous) VALUES ('00000000-0000-0000-0000-000000000000', '0f5d546a-dd80-5406-a005-a4f3061b9fb4', 'authenticated', 'authenticated', 'jake@c.com', '$2b$10$PKVhMlJ9mUpQTgxLocixZe4JGfGQjksVxr9PDPEYktE6a4mMIa6TW', '2020-02-10T13:34:50.000Z', '2020-03-07T03:00:57.000Z', 'Videant qui et restatem eas causa epicipsa.', '2020-12-28T11:35:00.000Z', 'Graecistius ab esse verum libervi, periis sit vire vitamicar voluptatem atione fortibus eo.', '2020-01-09T00:49:11.000Z', 'Concere ego nihil intellegan intera.', 'Lectorquem otis optimi sentiar legantiam scaevole.', '2020-10-02T09:19:38.000Z', '2020-08-16T19:13:05.000Z', '{"provider":"email","providers":["email"]}', '{"name":"Jake","email":"jake@c.com","username":"jchaselubitz"}', 'f', '2020-06-06T05:41:47.000Z', '2020-03-11T02:10:13.000Z', DEFAULT, '2020-03-11T02:53:19.000Z', DEFAULT, DEFAULT, '2020-12-24T11:30:02.000Z', DEFAULT, DEFAULT, '2020-06-10T05:08:46.000Z', DEFAULT, '2020-06-26T17:49:35.000Z', DEFAULT, '2020-03-23T14:25:27.000Z', DEFAULT), ('00000000-0000-0000-0000-000000000000', '5fef9e7c-116a-5504-a6ae-d16f4442d448', 'authenticated', 'authenticated', 'tina@c.com', '$2b$10$yP9UqhlQfF1AovLLohMHteK6CtLNX1RJ.KQVheGzS3/gTCrv7VBrG', '2020-02-26T13:38:22.000Z', '2020-03-23T14:40:28.000Z', 'Epicium confirmissum inem andae dolordinem nec util.', '2020-10-18T22:13:30.000Z', 'Rerum dum orum amiciti quam, insequimur aut maximus dis ad illus.', '2020-09-25T08:22:24.000Z', 'Se eius et continere sedatum et, vituptas iudicarte necest in omnesque saepe spatio.', 'Is liberea consequatur ne liberenda etiamque quasi.', '2020-06-18T17:21:57.000Z', '2020-03-27T14:58:22.000Z', '{"provider":"email","providers":["email"]}', '{"name":"Tina","email":"tina@c.com","username":"tina"}', 'f', '2020-01-17T12:52:35.000Z', '2020-05-25T17:01:44.000Z', DEFAULT, '2020-07-19T18:13:25.000Z', DEFAULT, DEFAULT, '2020-06-22T05:10:29.000Z', DEFAULT, DEFAULT, '2020-04-04T15:27:18.000Z', DEFAULT, '2020-06-06T17:32:29.000Z', DEFAULT, '2020-08-12T20:00:19.000Z', DEFAULT), ('00000000-0000-0000-0000-000000000000', '5ac46069-d153-5b50-a0be-8a017d379243', 'authenticated', 'authenticated', 'lucas@c.com', '$2b$10$yP9UqhlQfF1AovLLohMHteK6CtLNX1RJ.KQVheGzS3/gTCrv7VBrG', '2020-03-19T03:03:29.000Z', '2020-03-19T14:02:18.000Z', 'Es susciplinam beate cum omnes, orest detere assuevergo enim ferre inbecilit peritia ipsas.', '2020-07-19T18:34:10.000Z', 'A isset philos via consequam.', '2020-08-04T19:41:54.000Z', 'Anim praesenimos tamquam cum habensa virtus, corpore qui ambigua quid se quieti consilio voluptatib.', 'Finxeratur il actant est finistimid erat.', '2020-05-13T16:18:40.000Z', '2020-06-06T17:45:25.000Z', '{"provider":"email","providers":["email"]}', '{"name":"Lucas","email":"lucas@c.com","username":"lucas"}', 'f', '2020-02-26T13:44:11.000Z', '2020-03-15T14:17:38.000Z', DEFAULT, '2020-04-24T15:47:54.000Z', DEFAULT, DEFAULT, '2020-05-09T04:17:32.000Z', DEFAULT, DEFAULT, '2020-02-02T01:18:30.000Z', DEFAULT, '2020-06-18T06:02:16.000Z', DEFAULT, '2020-03-23T14:10:39.000Z', DEFAULT), ('00000000-0000-0000-0000-000000000000', '5f2c632c-1003-5d3e-94f5-6085899aa359', 'authenticated', 'authenticated', 'simas@c.com', '$2b$10$yP9UqhlQfF1AovLLohMHteK6CtLNX1RJ.KQVheGzS3/gTCrv7VBrG', '2020-12-12T11:31:28.000Z', '2020-08-16T07:57:21.000Z', 'Quasi vacilitis utam ad dolordam sunt epicium quid, modo ad pore e dissenseruer in.', '2020-08-12T08:00:54.000Z', 'Maximpedit et segniorem stabil brute maloritum endum quos.', '2020-09-13T20:37:41.000Z', 'Et non quod nec bonum epicaris magisse cur.', 'Cum nobista fabel tendissent in iudicarbit.', '2020-11-23T23:08:38.000Z', '2020-06-06T05:48:26.000Z', '{"provider":"email","providers":["email"]}', '{"name":"Simas","email":"simas@c.com","username":"simas"}', 'f', '2020-10-14T21:49:12.000Z', '2020-11-03T10:50:29.000Z', DEFAULT, '2020-01-13T12:12:47.000Z', DEFAULT, DEFAULT, '2020-10-02T21:18:35.000Z', DEFAULT, DEFAULT, '2020-04-20T04:00:32.000Z', DEFAULT, '2020-10-18T09:33:18.000Z', DEFAULT, '2020-04-08T15:48:48.000Z', DEFAULT);
INSERT INTO auth.users (instance_id,id,aud,role,email,encrypted_password,email_confirmed_at,invited_at,confirmation_token,confirmation_sent_at,recovery_token,recovery_sent_at,email_change_token_new,email_change,email_change_sent_at,last_sign_in_at,raw_app_meta_data,raw_user_meta_data,is_super_admin,created_at,updated_at,phone,phone_confirmed_at,phone_change,phone_change_token,phone_change_sent_at,email_change_token_current,email_change_confirm_status,banned_until,reauthentication_token,reauthentication_sent_at,is_sso_user,deleted_at,is_anonymous) VALUES ('00000000-0000-0000-0000-000000000000', '201a57ad-3e5f-593b-903c-61b025ec68b0', 'authenticated', 'authenticated', 'Daron_Kovacek27222@acme.org', '$2b$10$yP9UqhlQfF1AovLLohMHteK6CtLNX1RJ.KQVheGzS3/gTCrv7VBrG', '2020-06-06T17:25:43.000Z', '2020-09-17T20:34:16.000Z', 'Eadem inos negatesse parte int.', '2020-12-21T00:03:10.000Z', 'Est ad sed et opinquamque inem.', '2020-05-13T16:51:38.000Z', 'Peranimum ens dolorum sint benivi de est, endum ante expleniora cum metu sapiens.', 'Medici ilis gubere verum polyaeno si modum voluptatis, ut cum praeda aut bonorem maledonis epicium ingenerit.', '2020-03-23T02:25:34.000Z', '2020-08-24T07:32:20.000Z', '{"provider":"email","providers":["email"]}', '{"name":"Daron_Kovacek27222","email":"Daron_Kovacek27222@acme.org","username":"Daron_Kovacek27222"}', 'f', '2020-08-04T07:46:06.000Z', '2020-09-05T09:09:22.000Z', DEFAULT, '2020-11-19T22:19:24.000Z', DEFAULT, DEFAULT, '2020-08-20T07:21:54.000Z', DEFAULT, DEFAULT, '2020-06-02T05:39:24.000Z', DEFAULT, '2020-06-02T17:13:53.000Z', DEFAULT, '2020-01-21T00:39:09.000Z', DEFAULT), ('00000000-0000-0000-0000-000000000000', '84904b59-72e6-54be-8cc2-f6f36c087959', 'authenticated', 'authenticated', 'Erwin.Douglas32000@acme.org', '$2b$10$yP9UqhlQfF1AovLLohMHteK6CtLNX1RJ.KQVheGzS3/gTCrv7VBrG', '2020-10-06T22:04:26.000Z', '2020-06-06T17:31:39.000Z', 'Deniquem non anda de unias quid, offendimur modo est philos nobis tu libidenti tament.', '2020-12-08T11:33:23.000Z', 'Instructus viverudin modi nec nostra utus non.', '2020-03-27T14:27:29.000Z', 'Refere invideat legimpedit principlineam exisse molitur is gaudeat.', 'Doloreman currunt aliqui solet nis ad nis et, quae ad causa consiliis ne per.', '2020-09-17T08:58:22.000Z', '2020-09-25T08:29:30.000Z', '{"provider":"email","providers":["email"]}', '{"name":"Erwin.Douglas32000","email":"Erwin.Douglas32000@acme.org","username":"Erwin.Douglas32000"}', 'f', '2020-05-17T16:56:22.000Z', '2020-10-22T09:23:27.000Z', DEFAULT, '2020-06-02T17:17:23.000Z', DEFAULT, DEFAULT, '2020-08-20T07:46:28.000Z', DEFAULT, DEFAULT, '2020-06-10T05:59:34.000Z', DEFAULT, '2020-01-13T12:31:12.000Z', DEFAULT, '2020-04-12T03:18:56.000Z', DEFAULT), ('00000000-0000-0000-0000-000000000000', '598720fe-85ea-5d65-be77-84cde8cedb1e', 'authenticated', 'authenticated', 'Robyn_Marquardt70515@acme.org', '$2b$10$yP9UqhlQfF1AovLLohMHteK6CtLNX1RJ.KQVheGzS3/gTCrv7VBrG', '2020-06-22T05:20:30.000Z', '2020-08-04T07:24:11.000Z', 'Eo exis is dicendi contra veritaque, et stabil at notae sus maledunt.', '2020-04-28T03:45:38.000Z', 'Necesque reprehendum uti malis sit laetetendi.', '2020-07-27T18:31:43.000Z', 'Nostra reque tem offictae ipsam ea, nutu ea ars correcte propterundia.', 'Cum autem sin liberi nam homeret, quo videntissim vidi qui suavitia inesse.', '2020-03-15T14:05:37.000Z', '2020-06-26T17:50:38.000Z', '{"provider":"email","providers":["email"]}', '{"name":"Robyn_Marquardt70515","email":"Robyn_Marquardt70515@acme.org","username":"Robyn_Marquardt70515"}', 'f', '2020-11-07T10:46:28.000Z', '2020-04-24T15:05:57.000Z', DEFAULT, '2020-05-09T04:52:57.000Z', DEFAULT, DEFAULT, '2020-11-27T10:26:18.000Z', DEFAULT, DEFAULT, '2020-08-04T07:27:55.000Z', DEFAULT, '2020-01-01T12:40:47.000Z', DEFAULT, '2020-01-17T00:31:16.000Z', DEFAULT), ('00000000-0000-0000-0000-000000000000', '7694c29f-250e-5568-b2b3-d9dcb7cf3403', 'authenticated', 'authenticated', 'Kenneth.Adams66913@acme.org', '$2b$10$yP9UqhlQfF1AovLLohMHteK6CtLNX1RJ.KQVheGzS3/gTCrv7VBrG', '2020-09-21T20:27:27.000Z', '2020-02-18T14:00:57.000Z', 'Nec es nobis at ipsummum esse, et claudicura idinquam aginculte seiungi dolerata.', '2020-11-15T10:37:23.000Z', 'Esque iactaneumque nostrum sensu ego iucundus ut.', '2020-04-04T15:56:39.000Z', 'Parates haec legen vix dixi feriora animpersec, iudicis aut quod posse est am nulla.', 'Non sapiendi desid eam atio et proprius, finibus defens aut aptior doloribus amicur modo vim.', '2020-06-02T05:38:14.000Z', '2020-02-02T01:42:09.000Z', '{"provider":"email","providers":["email"]}', '{"name":"Kenneth.Adams66913","email":"Kenneth.Adams66913@acme.org","username":"Kenneth.Adams66913"}', 'f', '2020-03-11T14:18:23.000Z', '2020-05-09T05:04:51.000Z', DEFAULT, '2020-11-23T10:55:49.000Z', DEFAULT, DEFAULT, '2020-02-18T01:17:08.000Z', DEFAULT, DEFAULT, '2020-08-16T07:57:07.000Z', DEFAULT, '2020-02-22T13:10:55.000Z', DEFAULT, '2020-11-11T10:37:48.000Z', DEFAULT), ('00000000-0000-0000-0000-000000000000', 'a48b587e-6d30-5687-a8c3-52266b42a879', 'authenticated', 'authenticated', 'Leatha_Hoeger18222@acme.org', '$2b$10$yP9UqhlQfF1AovLLohMHteK6CtLNX1RJ.KQVheGzS3/gTCrv7VBrG', '2020-08-04T07:53:40.000Z', '2020-10-26T21:27:36.000Z', 'Illa solid et non vult dis omit autem.', '2020-03-03T15:02:24.000Z', 'Es quae tractatum si aetium.', '2020-10-26T21:37:10.000Z', 'Quam e multi dissensibus eadem uto ipsa, suis progredientia dicit quosvis id efficerud video.', 'Dolor beatae ne haec sed bonum habeat, quam aut quod artes sed.', '2020-07-15T06:50:38.000Z', '2020-04-20T03:18:29.000Z', '{"provider":"email","providers":["email"]}', '{"name":"Leatha_Hoeger18222","email":"Leatha_Hoeger18222@acme.org","username":"Leatha_Hoeger18222"}', 'f', '2020-02-14T01:04:43.000Z', '2020-08-24T19:46:04.000Z', DEFAULT, '2020-02-14T13:21:51.000Z', DEFAULT, DEFAULT, '2020-09-21T20:46:27.000Z', DEFAULT, DEFAULT, '2020-05-17T16:27:42.000Z', DEFAULT, '2020-01-05T00:14:46.000Z', DEFAULT, '2020-05-05T04:28:05.000Z', DEFAULT), ('00000000-0000-0000-0000-000000000000', '0b822969-cf55-5a03-8676-9adebfef1c2b', 'authenticated', 'authenticated', 'Damion.Heathcote70444@acme.org', '$2b$10$yP9UqhlQfF1AovLLohMHteK6CtLNX1RJ.KQVheGzS3/gTCrv7VBrG', '2020-11-27T10:16:16.000Z', '2020-09-25T20:39:38.000Z', 'Maerorteat animaliae consequeret modi minuitur quibus, consed et arbitrium atur consuetudit dubio qui quod.', '2020-04-24T15:06:32.000Z', 'Eamus currerum si mala totum.', '2020-02-10T13:53:01.000Z', 'Ea dissensibus at inendis ari suam utraque pro.', 'Servirtutib voluptates m pariatur modo.', '2020-05-13T16:18:32.000Z', '2020-12-16T23:49:14.000Z', '{"provider":"email","providers":["email"]}', '{"name":"Damion.Heathcote70444","email":"Damion.Heathcote70444@acme.org","username":"Damion.Heathcote70444"}', 'f', '2020-01-25T12:59:50.000Z', '2020-04-24T03:38:14.000Z', DEFAULT, '2020-08-08T19:44:25.000Z', DEFAULT, DEFAULT, '2020-06-02T17:20:53.000Z', DEFAULT, DEFAULT, '2020-03-27T15:05:43.000Z', DEFAULT, '2020-12-08T23:42:28.000Z', DEFAULT, '2020-12-04T23:57:05.000Z', DEFAULT);
INSERT INTO public.follow (id,created_at,follower,followed) VALUES (4, '2025-06-25T15:30:04.645Z', '5fef9e7c-116a-5504-a6ae-d16f4442d448', '0f5d546a-dd80-5406-a005-a4f3061b9fb4'), (5, '2025-06-25T15:30:04.645Z', '5ac46069-d153-5b50-a0be-8a017d379243', '0f5d546a-dd80-5406-a005-a4f3061b9fb4'), (6, '2025-06-25T15:30:04.645Z', '5f2c632c-1003-5d3e-94f5-6085899aa359', '0f5d546a-dd80-5406-a005-a4f3061b9fb4');
SELECT setval('"public"."follow_id_seq"'::regclass, (SELECT MAX("id") FROM "public"."follow"));
INSERT INTO public.subscription (id,created_at,recipient_id,author_id,medium,paused,email) VALUES (73, '2025-06-25T15:30:04.645Z', NULL, NULL, 'email', DEFAULT, 'tina@c.com'), (74, '2025-06-25T15:30:04.645Z', NULL, NULL, 'email', DEFAULT, 'lucas@c.com'), (75, '2025-06-25T15:30:04.645Z', NULL, NULL, 'email', DEFAULT, 'simas@c.com');
UPDATE public.subscription SET recipient_id = '5fef9e7c-116a-5504-a6ae-d16f4442d448', author_id = '0f5d546a-dd80-5406-a005-a4f3061b9fb4' WHERE id = 73;
UPDATE public.subscription SET recipient_id = '5ac46069-d153-5b50-a0be-8a017d379243', author_id = '0f5d546a-dd80-5406-a005-a4f3061b9fb4' WHERE id = 74;
UPDATE public.subscription SET recipient_id = '5f2c632c-1003-5d3e-94f5-6085899aa359', author_id = '0f5d546a-dd80-5406-a005-a4f3061b9fb4' WHERE id = 75;
SELECT setval('"public"."subscription_id_seq"'::regclass, (SELECT MAX("id") FROM "public"."subscription"));
INSERT INTO public.statement (slug,statement_id,created_at,parent_statement_id,updated_at,creator_id,header_img,subtitle,thread_id,title) VALUES ('9QwVxf60vnJEjUTniwDnQ', '9QwVxf60vnJEjUTniwDnQ', '2025-06-25T15:30:04.646Z', NULL, '2025-06-25T15:30:04.646Z', '0f5d546a-dd80-5406-a005-a4f3061b9fb4', 'https://conject.io/_next/image?url=https%3A%2F%2Fbewgymyresxixvkkqbzl.supabase.co%2Fstorage%2Fv1%2Fobject%2Fpublic%2Fstatement-images%2Fb66e1e24-0fbf-4b51-95cc-5093d7f2a04c%2Fe857d479be%2Fconflict.png&w=3840&q=75', 'The history of how the settlement movement dominated Israel''s priorities, torpedoed peace, and drove the cycle of violence.', '1', 'How We Got Here'), ('GPCILyDFmmi2heDpZHSXK', 'GPCILyDFmmi2heDpZHSXK', '2025-06-25T15:30:04.646Z', NULL, '2025-06-25T15:30:04.646Z', '5fef9e7c-116a-5504-a6ae-d16f4442d448', 'https://conject.io/_next/image?url=https%3A%2F%2Fbewgymyresxixvkkqbzl.supabase.co%2Fstorage%2Fv1%2Fobject%2Fpublic%2Fstatement-images%2Fb66e1e24-0fbf-4b51-95cc-5093d7f2a04c%2Fe857d479be%2Fconflict.png&w=3840&q=75', 'The history of how the settlement movement dominated Israel''s priorities, torpedoed peace, and drove the cycle of violence.', '1', 'International Perspectives on Peace'), ('FljyXgtYfh9eteHrLMlY3', 'FljyXgtYfh9eteHrLMlY3', '2025-06-25T15:30:04.646Z', NULL, '2025-06-25T15:30:04.646Z', '5ac46069-d153-5b50-a0be-8a017d379243', 'https://conject.io/_next/image?url=https%3A%2F%2Fbewgymyresxixvkkqbzl.supabase.co%2Fstorage%2Fv1%2Fobject%2Fpublic%2Fstatement-images%2Fb66e1e24-0fbf-4b51-95cc-5093d7f2a04c%2Fe857d479be%2Fconflict.png&w=3840&q=75', 'The history of how the settlement movement dominated Israel''s priorities, torpedoed peace, and drove the cycle of violence.', '2', 'Security vs. Grievance: The Palestinian View'), ('7RRDSvGtrq1k9sayjIYKC', '7RRDSvGtrq1k9sayjIYKC', '2025-06-25T15:30:04.646Z', NULL, '2025-06-25T15:30:04.646Z', '5f2c632c-1003-5d3e-94f5-6085899aa359', 'https://conject.io/_next/image?url=https%3A%2F%2Fbewgymyresxixvkkqbzl.supabase.co%2Fstorage%2Fv1%2Fobject%2Fpublic%2Fstatement-images%2Fb66e1e24-0fbf-4b51-95cc-5093d7f2a04c%2Fe857d479be%2Fconflict.png&w=3840&q=75', 'The history of how the settlement movement dominated Israel''s priorities, torpedoed peace, and drove the cycle of violence.', '3', 'Democracy, Security, and Expansion');
UPDATE public.statement SET parent_statement_id = '9QwVxf60vnJEjUTniwDnQ' WHERE statement_id = 'GPCILyDFmmi2heDpZHSXK';
UPDATE public.statement SET parent_statement_id = 'GPCILyDFmmi2heDpZHSXK' WHERE statement_id = 'FljyXgtYfh9eteHrLMlY3';
UPDATE public.statement SET parent_statement_id = 'FljyXgtYfh9eteHrLMlY3' WHERE statement_id = '7RRDSvGtrq1k9sayjIYKC';
INSERT INTO public.collaborator (id,created_at,statement_id,user_id,role,updated_at) VALUES (6, '2025-06-25T15:30:04.647Z', '9QwVxf60vnJEjUTniwDnQ', '0f5d546a-dd80-5406-a005-a4f3061b9fb4', 'leadAuthor', '2025-06-25T15:30:04.647Z'), (7, '2025-06-25T15:30:04.647Z', '9QwVxf60vnJEjUTniwDnQ', '5f2c632c-1003-5d3e-94f5-6085899aa359', 'author', '2025-06-25T15:30:04.647Z'), (8, '2025-06-25T15:30:04.647Z', 'GPCILyDFmmi2heDpZHSXK', '5fef9e7c-116a-5504-a6ae-d16f4442d448', 'leadAuthor', '2025-06-25T15:30:04.647Z'), (9, '2025-06-25T15:30:04.647Z', 'FljyXgtYfh9eteHrLMlY3', '5ac46069-d153-5b50-a0be-8a017d379243', 'author', '2025-06-25T15:30:04.647Z'), (10, '2025-06-25T15:30:04.647Z', '7RRDSvGtrq1k9sayjIYKC', '5f2c632c-1003-5d3e-94f5-6085899aa359', 'author', '2025-06-25T15:30:04.647Z');
SELECT setval('"public"."collaborator_id_seq"'::regclass, (SELECT MAX("id") FROM "public"."collaborator"));
INSERT INTO public.draft (id,created_at,creator_id,content,updated_at,statement_id,published_at,version_number,content_json) VALUES (1, '2025-06-25T15:30:04.647Z', NULL, 'Response: While Israel''s government asserts exclusive rights, many in the international community and among Israelis themselves believe that a just and lasting peace requires recognizing Palestinian rights and aspirations. The ongoing settlement expansion undermines prospects for a two-state solution and perpetuates conflict.', '2025-06-25T15:30:04.647Z', 'GPCILyDFmmi2heDpZHSXK', '2025-06-25T15:30:04.647Z', 1, '{"type":"doc","content":[{"type":"paragraph","content":[{"type":"text","text":"Response: While Israel''s government asserts exclusive rights, many in the international community and among Israelis themselves believe that a just and lasting peace requires recognizing Palestinian rights and aspirations. The ongoing settlement expansion undermines prospects for a two-state solution and perpetuates conflict."}]}]}'), (2, '2025-06-29T15:30:04.625Z', NULL, '"The Jewish people have an exclusive and indisputable right to all areas of the Land of Israel. The government will promote and develop settlement in all parts of the Land of Israel in the Galilee, the Negev, the Golan, Judea and Samaria." So reads the first among the list of guiding principles Israel''s governing coalition formally announced upon taking power in late 2022 (source, translation).

This conviction that Jews have an exclusive claim to all the land between the Mediterranean Sea and the Jordan River is not new. It is both the cause and culmination of Israel''s decades-long settlement movement and the accompanying military occupation, which has left Palestinians, who comprise half of the land''s population, largely without rights. Palestinians have resisted this reality, but instead of recognizing this resistance as a result of its fundamental political contradiction—the desire to be both democratic and predominantly Jewish—Israel, a country with a liberal self-image, historical trauma, and diplomatic considerations, chose to frame it as a security problem.

By accepting this security framing, the international community mistakenly believed that Israel would naturally gravitate towards peace if only given sufficient security guarantees. In reality, any meaningful peace agreement would have threatened Israel''s greater priority: expanding settlements. Had the world recognized this dynamic, it could have forced Israel to cease construction and created the conditions under which sustainable peace might be possible. Failing to do so not only prevented the success of the peace process, but led inexorably to calamity.', '2025-06-29T15:30:04.625Z', '9QwVxf60vnJEjUTniwDnQ', '2025-06-29T15:30:04.625Z', 1, E'{"type":"doc","content":[{"type":"paragraph","content":[{"type":"text","text":"\\"The Jewish people have an exclusive and indisputable right to all areas of the Land of Israel. The government will promote and develop settlement in all parts of the Land of Israel in the Galilee, the Negev, the Golan, Judea and Samaria.\\" So reads the first among the list of guiding principles Israel''s governing coalition formally announced upon taking power in late 2022 (source, translation)."}]},{"type":"paragraph","content":[{"type":"text","text":"This conviction that Jews have an exclusive claim to all the land between the Mediterranean Sea and the Jordan River is not new. It is both the cause and culmination of Israel''s decades-long settlement movement and the accompanying military occupation, which has left Palestinians, who comprise half of the land''s population, largely without rights. Palestinians have resisted this reality, but instead of recognizing this resistance as a result of its fundamental political contradiction—the desire to be both democratic and predominantly Jewish—Israel, a country with a liberal self-image, historical trauma, and diplomatic considerations, chose to frame it as a security problem."}]},{"type":"paragraph","content":[{"type":"text","text":"By accepting this security framing, the international community mistakenly believed that Israel would naturally gravitate towards peace if only given sufficient security guarantees. In reality, any meaningful peace agreement would have threatened Israel''s greater priority: expanding settlements. Had the world recognized this dynamic, it could have forced Israel to cease construction and created the conditions under which sustainable peace might be possible. Failing to do so not only prevented the success of the peace process, but led inexorably to calamity."}]}]}'), (3, '2025-06-29T15:30:04.625Z', NULL, '"The Jewish people have an exclusive and indisputable right to all areas of the Land of Israel. The government will promote and develop settlement in all parts of the Land of Israel in the Galilee, the Negev, the Golan, Judea and Samaria." So reads the first among the list of guiding principles Israel''s governing coalition formally announced upon taking power in late 2022 (source, translation).

This conviction that Jews have an exclusive claim to all the land between the Mediterranean Sea and the Jordan River is not new. It is both the cause and culmination of Israel''s decades-long settlement movement and the accompanying military occupation, which has left Palestinians, who comprise half of the land''s population, largely without rights. Palestinians have resisted this reality, but instead of recognizing this resistance as a result of its fundamental political contradiction—the desire to be both democratic and predominantly Jewish—Israel, a country with a liberal self-image, historical trauma, and diplomatic considerations, chose to frame it as a security problem.

By accepting this security framing, the international community mistakenly believed that Israel would naturally gravitate towards peace if only given sufficient security guarantees. In reality, any meaningful peace agreement would have threatened Israel''s greater priority: expanding settlements. Had the world recognized this dynamic, it could have forced Israel to cease construction and created the conditions under which sustainable peace might be possible. Failing to do so not only prevented the success of the peace process, but led inexorably to calamity.', '2025-06-29T15:30:04.625Z', '9QwVxf60vnJEjUTniwDnQ', NULL, 2, E'{"type":"doc","content":[{"type":"paragraph","content":[{"type":"text","text":"\\"The Jewish people have an exclusive and indisputable right to all areas of the Land of Israel. The government will promote and develop settlement in all parts of the Land of Israel in the Galilee, the Negev, the Golan, Judea and Samaria.\\" So reads the first among the list of guiding principles Israel''s governing coalition formally announced upon taking power in late 2022 (source, translation)."}]},{"type":"paragraph","content":[{"type":"text","text":"This conviction that Jews have an exclusive claim to all the land between the Mediterranean Sea and the Jordan River is not new. It is both the cause and culmination of Israel''s decades-long settlement movement and the accompanying military occupation, which has left Palestinians, who comprise half of the land''s population, largely without rights. Palestinians have resisted this reality, but instead of recognizing this resistance as a result of its fundamental political contradiction—the desire to be both democratic and predominantly Jewish—Israel, a country with a liberal self-image, historical trauma, and diplomatic considerations, chose to frame it as a security problem."}]},{"type":"paragraph","content":[{"type":"text","text":"By accepting this security framing, the international community mistakenly believed that Israel would naturally gravitate towards peace if only given sufficient security guarantees. In reality, any meaningful peace agreement would have threatened Israel''s greater priority: expanding settlements. Had the world recognized this dynamic, it could have forced Israel to cease construction and created the conditions under which sustainable peace might be possible. Failing to do so not only prevented the success of the peace process, but led inexorably to calamity."}]}]}'), (4, '2025-06-27T15:30:04.625Z', NULL, 'Response: The framing of resistance as merely a security issue ignores the legitimate grievances and aspirations of Palestinians. Sustainable peace will only be possible when both peoples'' rights and histories are acknowledged and addressed in good faith negotiations.', '2025-06-27T15:30:04.625Z', 'FljyXgtYfh9eteHrLMlY3', '2025-06-27T15:30:04.625Z', 1, '{"type":"doc","content":[{"type":"paragraph","content":[{"type":"text","text":"Response: The framing of resistance as merely a security issue ignores the legitimate grievances and aspirations of Palestinians. Sustainable peace will only be possible when both peoples'' rights and histories are acknowledged and addressed in good faith negotiations."}]}]}'), (5, '2025-06-26T15:30:04.625Z', NULL, 'Response: Some argue that the current approach prioritizes territorial expansion over democratic values, risking Israel''s international standing and long-term security. Others maintain that security concerns are paramount given the region''s history of violence.', '2025-06-26T15:30:04.625Z', '7RRDSvGtrq1k9sayjIYKC', '2025-06-26T15:30:04.625Z', 1, '{"type":"doc","content":[{"type":"paragraph","content":[{"type":"text","text":"Response: Some argue that the current approach prioritizes territorial expansion over democratic values, risking Israel''s international standing and long-term security. Others maintain that security concerns are paramount given the region''s history of violence."}]}]}'), (6, '2025-06-26T15:30:04.625Z', NULL, 'Response: Some argue that the current approach prioritizes territorial expansion over democratic values, risking Israel''s international standing and long-term security. Others maintain that security concerns are paramount given the region''s history of violence.', '2025-06-26T15:30:04.625Z', '7RRDSvGtrq1k9sayjIYKC', NULL, 2, '{"type":"doc","content":[{"type":"paragraph","content":[{"type":"text","text":"Response: Some argue that the current approach prioritizes territorial expansion over democratic values, risking Israel''s international standing and long-term security. Others maintain that security concerns are paramount given the region''s history of violence."}]}]}');
UPDATE public.draft SET creator_id = '0f5d546a-dd80-5406-a005-a4f3061b9fb4' WHERE id = 1;
UPDATE public.draft SET creator_id = '0f5d546a-dd80-5406-a005-a4f3061b9fb4' WHERE id = 2;
UPDATE public.draft SET creator_id = '0f5d546a-dd80-5406-a005-a4f3061b9fb4' WHERE id = 3;
UPDATE public.draft SET creator_id = '5ac46069-d153-5b50-a0be-8a017d379243' WHERE id = 4;
UPDATE public.draft SET creator_id = '5f2c632c-1003-5d3e-94f5-6085899aa359' WHERE id = 5;
UPDATE public.draft SET creator_id = '5ac46069-d153-5b50-a0be-8a017d379243' WHERE id = 6;
SELECT setval('"public"."draft_id_seq"'::regclass, (SELECT MAX("id") FROM "public"."draft"));
INSERT INTO public.annotation (id,created_at,updated_at,user_id,draft_id,start,"end",text,"tag",is_public) VALUES ('b3dc81ca-7163-550a-9f61-48588969b2b3', '2025-06-25T15:30:04.648Z', '2025-06-25T15:30:04.648Z', '5fef9e7c-116a-5504-a6ae-d16f4442d448', 1, 8, 12, 'In commodum sint eo quod laudanimbut declare sentianusque.', 'Quorum', 'f'), ('9381b988-9731-5e5f-be05-1b6d016bfcdd', '2025-06-25T15:30:04.649Z', '2025-06-25T15:30:04.649Z', '7694c29f-250e-5568-b2b3-d9dcb7cf3403', 5, 3, 19, 'Cum malorum philos iditura se non, homin si probam erque nec talibus versione.', 'Ceterime', 'f'), ('3026e785-1b9b-5a05-a6b3-7d8378fe2e9d', '2025-06-25T15:30:04.649Z', '2025-06-25T15:30:04.649Z', '5ac46069-d153-5b50-a0be-8a017d379243', 4, 10, 17, 'Expecuna sit inqueret est otio ophiae non.', 'Ad', 'f'), ('231194ff-196b-599f-bead-eac218db53cc', '2025-06-25T15:30:04.649Z', '2025-06-25T15:30:04.649Z', '0f5d546a-dd80-5406-a005-a4f3061b9fb4', 5, 0, 17, 'Non sensuscipit graece horrida voluptas.', 'Um', 't'), ('b6eb8059-ce41-5cc6-922f-ef38c6b1344e', '2025-06-25T15:30:04.649Z', '2025-06-25T15:30:04.649Z', '201a57ad-3e5f-593b-903c-61b025ec68b0', 6, 10, 16, 'Ut mox commodo tari effugiendam cuiquamur, in dicandistrah expetuis convendibil affeci.', 'In', 'f'), ('514171a5-ebc0-5f01-b5af-fad92e469b57', '2025-06-25T15:30:04.650Z', '2025-06-25T15:30:04.650Z', '84904b59-72e6-54be-8cc2-f6f36c087959', 1, 3, 16, 'Et d laudanim aut im alter voluptatum iudicitum, esset constitut vivi conclusum desid.', 'Reprehent', 't'), ('d269ee89-fd3e-56ec-bab7-964edfd7e624', '2025-06-25T15:30:04.650Z', '2025-06-25T15:30:04.650Z', '0b822969-cf55-5a03-8676-9adebfef1c2b', 4, 2, 18, 'Delectam tamenimis mortis eos quae.', 'Scriberim', 'f'), ('f7f19cdd-3489-5d91-8e91-b333d57c0568', '2025-06-25T15:30:04.650Z', '2025-06-25T15:30:04.650Z', '5ac46069-d153-5b50-a0be-8a017d379243', 5, 9, 11, 'Id sit habet cognominpen quod indus et, ere es sent se perfectus.', 'Ad', 'f'), ('a3bb91fd-a595-5f4c-84ac-e4c53ffb13d5', '2025-06-25T15:30:04.650Z', '2025-06-25T15:30:04.650Z', '5fef9e7c-116a-5504-a6ae-d16f4442d448', 2, 8, 18, 'Vivat nec omnes est iditurbes quae, corporis fuisse exmulto sempersequi modo atomnem ego apsa.', 'Maiorest', 'f'), ('527735e4-e082-5cc3-8dd2-ae6833b91caf', '2025-06-25T15:30:04.651Z', '2025-06-25T15:30:04.651Z', '5fef9e7c-116a-5504-a6ae-d16f4442d448', 1, 4, 20, 'Quem ent aperia quo seditias.', 'Concurate', 'f'), ('3d26a4ca-2b88-5f7a-8bb4-39359802bab3', '2025-06-25T15:30:04.651Z', '2025-06-25T15:30:04.651Z', '201a57ad-3e5f-593b-903c-61b025ec68b0', 5, 6, 16, 'Sine sit autem vim quorum quae sapientia vitamicium, entis aut dixeration qui te voluptas reici ad.', 'Ponitaque', 'f'), ('f6078e17-014d-5196-94a0-54a9244f39d5', '2025-06-25T15:30:04.651Z', '2025-06-25T15:30:04.651Z', '7694c29f-250e-5568-b2b3-d9dcb7cf3403', 5, 6, 11, 'Modumquam et tantale et opem finit videatur insidua.', 'Il', 'f'), ('8bad9735-9811-5c90-b4e7-bd5945e1d63e', '2025-06-25T15:30:04.651Z', '2025-06-25T15:30:04.651Z', '0f5d546a-dd80-5406-a005-a4f3061b9fb4', 6, 2, 19, 'In gaudercitus antia provint privendi fuga frequentiam.', 'Direcorian', 'f'), ('3c23745a-1ae7-58f5-8c16-7bf60572b638', '2025-06-25T15:30:04.651Z', '2025-06-25T15:30:04.651Z', '5ac46069-d153-5b50-a0be-8a017d379243', 1, 0, 16, 'Fabultat magnumquam multi in essit is cum.', 'Quia', 'f'), ('cab29b80-44bb-5cff-a471-3b4a03370f39', '2025-06-25T15:30:04.652Z', '2025-06-25T15:30:04.652Z', '0b822969-cf55-5a03-8676-9adebfef1c2b', 6, 3, 17, 'Sint philos quam etiam et quae quantaque, ignotionis nos imperspicuum o et.', 'Tota', 't'), ('30b2ec85-0b0d-5846-8e2f-d2cc46a43de5', '2025-06-25T15:30:04.652Z', '2025-06-25T15:30:04.652Z', '0b822969-cf55-5a03-8676-9adebfef1c2b', 1, 10, 15, 'Contingeren nullas ate versariam qui necest eorum nihillo, vel in nosque comprehentes abo.', 'Antium', 't'), ('78affded-be11-5b53-9df8-ce5eeeb687ff', '2025-06-25T15:30:04.652Z', '2025-06-25T15:30:04.652Z', '0b822969-cf55-5a03-8676-9adebfef1c2b', 4, 2, 16, 'Quo hanc aut probanimus et est.', 'Necest', 't'), ('a539356e-7109-5fec-be3e-1cc91074fc30', '2025-06-25T15:30:04.652Z', '2025-06-25T15:30:04.652Z', '598720fe-85ea-5d65-be77-84cde8cedb1e', 5, 6, 14, 'Omnium bonum aut quam igatqui recor spe inem.', 'Feratisse', 'f'), ('b4c8c23b-fc91-545d-b70c-17f234a68fb1', '2025-06-25T15:30:04.652Z', '2025-06-25T15:30:04.652Z', '0f5d546a-dd80-5406-a005-a4f3061b9fb4', 4, 2, 14, 'A rerum sentendisput referia integris nihil, is fatent iis ei neque audivi andi pluribus.', 'Dictum', 't'), ('2b9479cf-ba8b-538e-b66e-a9c68d4a5bed', '2025-06-25T15:30:04.652Z', '2025-06-25T15:30:04.652Z', '5ac46069-d153-5b50-a0be-8a017d379243', 2, 3, 13, 'Ex alleviorem manusdam hominvestra idem, ilem falsi contra quae mea sine sed novi.', 'Sibi', 'f');
INSERT INTO public.comment (id,created_at,updated_at,user_id,annotation_id,content,parent_id) VALUES ('df76bdb8-1d53-5552-9f87-4f469f69a50b', '2025-06-25T15:30:04.653Z', '2025-06-25T15:30:04.653Z', '598720fe-85ea-5d65-be77-84cde8cedb1e', '3d26a4ca-2b88-5f7a-8bb4-39359802bab3', 'Rem opus fabeli renovate motum et consule, tum futura propterumque fastidii detractis non.', NULL), ('79096e30-4c93-586a-ae5e-c6924e5c680b', '2025-06-25T15:30:04.654Z', '2025-06-25T15:30:04.654Z', 'a48b587e-6d30-5687-a8c3-52266b42a879', 'f6078e17-014d-5196-94a0-54a9244f39d5', 'Molestum quietem quibus quae nec, idie facientiam si nos molessarum hoc necest quam.', NULL), ('af312969-77af-5f20-b23d-227ef6e9f1f3', '2025-06-25T15:30:04.654Z', '2025-06-25T15:30:04.654Z', '5f2c632c-1003-5d3e-94f5-6085899aa359', 'b4c8c23b-fc91-545d-b70c-17f234a68fb1', 'Neque feratomnes aut nobis tantur, natur voluptatem poetare il cohaeres torum quam sabin.', NULL), ('98de6748-b717-56a9-bf8d-78ccbd79c227', '2025-06-25T15:30:04.654Z', '2025-06-25T15:30:04.654Z', '5ac46069-d153-5b50-a0be-8a017d379243', '231194ff-196b-599f-bead-eac218db53cc', 'Subtilius sed plane in corporistun.', NULL), ('a33548ac-6a8d-50f8-a8df-310e1ebd9811', '2025-06-25T15:30:04.654Z', '2025-06-25T15:30:04.654Z', '0b822969-cf55-5a03-8676-9adebfef1c2b', 'f7f19cdd-3489-5d91-8e91-b333d57c0568', 'Abil perii voluptatem e es minus.', NULL), ('be6f6def-c62d-59d0-9bb2-aba568629421', '2025-06-25T15:30:04.654Z', '2025-06-25T15:30:04.654Z', '201a57ad-3e5f-593b-903c-61b025ec68b0', '78affded-be11-5b53-9df8-ce5eeeb687ff', 'Scribenimi eas sedulla verit nec, physicis non faciuncta et aliae parartibi minim philosopin.', NULL), ('4b7d382f-6078-5f96-ac2d-896000853093', '2025-06-25T15:30:04.654Z', '2025-06-25T15:30:04.654Z', '0b822969-cf55-5a03-8676-9adebfef1c2b', '514171a5-ebc0-5f01-b5af-fad92e469b57', 'Sed a vero me tum, dolorum tranquillatin pendeniquid et itisque quidem.', NULL), ('20603468-029b-53d4-806a-4a559c496dc6', '2025-06-25T15:30:04.654Z', '2025-06-25T15:30:04.654Z', '7694c29f-250e-5568-b2b3-d9dcb7cf3403', '3d26a4ca-2b88-5f7a-8bb4-39359802bab3', 'In erius nam ophorreant voluptas vis.', NULL), ('02361b05-3eb2-5729-92b5-8fb75ee63f10', '2025-06-25T15:30:04.654Z', '2025-06-25T15:30:04.654Z', '5ac46069-d153-5b50-a0be-8a017d379243', '514171a5-ebc0-5f01-b5af-fad92e469b57', 'Quae nostra de deinde esse, tamensibus potuimus magnoperat erin physicis perspiciat.', NULL), ('490c21b6-435c-5486-99ba-b488a9383706', '2025-06-25T15:30:04.654Z', '2025-06-25T15:30:04.654Z', '5fef9e7c-116a-5504-a6ae-d16f4442d448', 'b6eb8059-ce41-5cc6-922f-ef38c6b1344e', 'Ea torem huic proficosop ellere se perii dici, recoris ille severitas etiam it utus.', NULL), ('dbb1c8d3-d843-5a37-8930-c809f9c08507', '2025-06-25T15:30:04.655Z', '2025-06-25T15:30:04.655Z', '201a57ad-3e5f-593b-903c-61b025ec68b0', '8bad9735-9811-5c90-b4e7-bd5945e1d63e', 'Oremus ex sequimur cohaerest admodo.', NULL), ('5e281ca1-144f-51a1-a13f-c72fd6f27b30', '2025-06-25T15:30:04.655Z', '2025-06-25T15:30:04.655Z', '5fef9e7c-116a-5504-a6ae-d16f4442d448', 'cab29b80-44bb-5cff-a471-3b4a03370f39', 'Sequitur per noster positate fieri quos et nos, tua et quidem de quidem.', NULL), ('802e7ecd-dc29-5bd8-a94c-df6ba5a740dd', '2025-06-25T15:30:04.655Z', '2025-06-25T15:30:04.655Z', '84904b59-72e6-54be-8cc2-f6f36c087959', 'd269ee89-fd3e-56ec-bab7-964edfd7e624', 'Tamento dicavitat iganimag esse si centur ingenii monet, oporibus non aliqui delecta dem.', NULL), ('9cd20a50-8c85-51cc-bc8e-49d6a51dccdc', '2025-06-25T15:30:04.655Z', '2025-06-25T15:30:04.655Z', '5ac46069-d153-5b50-a0be-8a017d379243', '527735e4-e082-5cc3-8dd2-ae6833b91caf', 'Nulla propos quot beate nos, est pertur sibi aut sine multi.', NULL), ('c3614af2-67ab-5d7f-b8fb-d6789cfa58f2', '2025-06-25T15:30:04.655Z', '2025-06-25T15:30:04.655Z', '5f2c632c-1003-5d3e-94f5-6085899aa359', 'cab29b80-44bb-5cff-a471-3b4a03370f39', 'Cursio iustitum atione seritaque et expetere nec ea.', NULL), ('5635dd29-dc6b-57ac-ab0e-94c77c825f12', '2025-06-25T15:30:04.655Z', '2025-06-25T15:30:04.655Z', 'a48b587e-6d30-5687-a8c3-52266b42a879', '8bad9735-9811-5c90-b4e7-bd5945e1d63e', 'Aegritudin cum et quae virosophiae voluptatem.', NULL), ('5e00a538-e725-56d5-8818-7dd3cb0c2343', '2025-06-25T15:30:04.655Z', '2025-06-25T15:30:04.655Z', '201a57ad-3e5f-593b-903c-61b025ec68b0', '30b2ec85-0b0d-5846-8e2f-d2cc46a43de5', 'Se igam ut alii novumque, nec atum ipsistatem acut saepe liberardor quanto inationem.', NULL), ('a902c423-a9f2-51d0-9134-2147d66e67cd', '2025-06-25T15:30:04.655Z', '2025-06-25T15:30:04.655Z', 'a48b587e-6d30-5687-a8c3-52266b42a879', '3c23745a-1ae7-58f5-8c16-7bf60572b638', 'Mandamus etiam quidem sum omnisi.', NULL), ('5327c408-dc6e-5ca2-bd47-a3fd7108d80d', '2025-06-25T15:30:04.655Z', '2025-06-25T15:30:04.655Z', '0f5d546a-dd80-5406-a005-a4f3061b9fb4', '231194ff-196b-599f-bead-eac218db53cc', 'Dirigitiar imos afranius fugiat munerigit sunt dictum il.', NULL), ('8da1de0f-9ab2-5ff9-9cde-350436489648', '2025-06-25T15:30:04.655Z', '2025-06-25T15:30:04.655Z', '7694c29f-250e-5568-b2b3-d9dcb7cf3403', '3026e785-1b9b-5a05-a6b3-7d8378fe2e9d', 'Illa hoc ratio a distinax vera hoc, ferata ipsa cum quae sic ob.', NULL);
INSERT INTO public.statement_image (created_at,src,alt,statement_id,id,caption) VALUES ('2025-06-25T15:30:04.657Z', 'https://conject.io/_next/image?url=https%3A%2F%2Fbewgymyresxixvkkqbzl.supabase.co%2Fstorage%2Fv1%2Fobject%2Fpublic%2Fstatement-images%2Fb66e1e24-0fbf-4b51-95cc-5093d7f2a04c%2Fe857d479be%2Fconflict.png&w=3840&q=75', 'Non illam', '9QwVxf60vnJEjUTniwDnQ', 'cd7c1be2-3c04-5e48-b51f-2463a8f5413b', 'Voluptates evere dolorest adiunt omoranim aiunt si.'), ('2025-06-25T15:30:04.657Z', 'https://conject.io/_next/image?url=https%3A%2F%2Fbewgymyresxixvkkqbzl.supabase.co%2Fstorage%2Fv1%2Fobject%2Fpublic%2Fstatement-images%2Fb66e1e24-0fbf-4b51-95cc-5093d7f2a04c%2Fe857d479be%2Fconflict.png&w=3840&q=75', 'Vituptatem sapiendum omnem', '9QwVxf60vnJEjUTniwDnQ', '1dda0c05-a146-589f-866d-84d2c9abbdbe', 'Ad domus quam minim corporum.'), ('2025-06-25T15:30:04.657Z', 'https://conject.io/_next/image?url=https%3A%2F%2Fbewgymyresxixvkkqbzl.supabase.co%2Fstorage%2Fv1%2Fobject%2Fpublic%2Fstatement-images%2Fb66e1e24-0fbf-4b51-95cc-5093d7f2a04c%2Fe857d479be%2Fconflict.png&w=3840&q=75', 'Sunt as melius', '9QwVxf60vnJEjUTniwDnQ', '2fdfb2b3-717d-5385-96d1-df4e845c2ffd', 'Si sapiena et referere vitae.'), ('2025-06-25T15:30:04.657Z', 'https://conject.io/_next/image?url=https%3A%2F%2Fbewgymyresxixvkkqbzl.supabase.co%2Fstorage%2Fv1%2Fobject%2Fpublic%2Fstatement-images%2Fb66e1e24-0fbf-4b51-95cc-5093d7f2a04c%2Fe857d479be%2Fconflict.png&w=3840&q=75', 'As scribimamur video', '9QwVxf60vnJEjUTniwDnQ', 'ec25a4ae-1ef9-5c41-b96f-0c6c421642c1', 'Hoc illi santur uti carerudit mihi.'), ('2025-06-25T15:30:04.658Z', 'https://conject.io/_next/image?url=https%3A%2F%2Fbewgymyresxixvkkqbzl.supabase.co%2Fstorage%2Fv1%2Fobject%2Fpublic%2Fstatement-images%2Fb66e1e24-0fbf-4b51-95cc-5093d7f2a04c%2Fe857d479be%2Fconflict.png&w=3840&q=75', 'Sunt carumquam', '9QwVxf60vnJEjUTniwDnQ', 'a4c1c295-a0fe-58b2-b182-2af232178c8e', 'Ad vel corpus vacillud deinde sine expetentur si.'), ('2025-06-25T15:30:04.658Z', 'https://conject.io/_next/image?url=https%3A%2F%2Fbewgymyresxixvkkqbzl.supabase.co%2Fstorage%2Fv1%2Fobject%2Fpublic%2Fstatement-images%2Fb66e1e24-0fbf-4b51-95cc-5093d7f2a04c%2Fe857d479be%2Fconflict.png&w=3840&q=75', 'Libro bent', '9QwVxf60vnJEjUTniwDnQ', '530cf01b-7293-5f96-9000-2eedf7006041', 'Ipsam tollat ut constringenus possit ut crudelis, cum haberab faceriter averror aut.'), ('2025-06-25T15:30:04.658Z', 'https://conject.io/_next/image?url=https%3A%2F%2Fbewgymyresxixvkkqbzl.supabase.co%2Fstorage%2Fv1%2Fobject%2Fpublic%2Fstatement-images%2Fb66e1e24-0fbf-4b51-95cc-5093d7f2a04c%2Fe857d479be%2Fconflict.png&w=3840&q=75', 'Stare legant', '9QwVxf60vnJEjUTniwDnQ', '3e87aba8-ace1-5587-b225-c0b1ce9b4a97', 'Et chrysippo modo factis si dicere corpore sunt, inbecilit constituit eo sapiens estias.'), ('2025-06-25T15:30:04.658Z', 'https://conject.io/_next/image?url=https%3A%2F%2Fbewgymyresxixvkkqbzl.supabase.co%2Fstorage%2Fv1%2Fobject%2Fpublic%2Fstatement-images%2Fb66e1e24-0fbf-4b51-95cc-5093d7f2a04c%2Fe857d479be%2Fconflict.png&w=3840&q=75', 'Sapiena percusam', '9QwVxf60vnJEjUTniwDnQ', 'c24f4786-83bc-5b9b-9b6b-d1710c93143a', 'Aliquam videt cum quibus sed quippe quam, iliarit moderiores esse ari in reiciens.'), ('2025-06-25T15:30:04.659Z', 'https://conject.io/_next/image?url=https%3A%2F%2Fbewgymyresxixvkkqbzl.supabase.co%2Fstorage%2Fv1%2Fobject%2Fpublic%2Fstatement-images%2Fb66e1e24-0fbf-4b51-95cc-5093d7f2a04c%2Fe857d479be%2Fconflict.png&w=3840&q=75', 'Rediendum inorum', '9QwVxf60vnJEjUTniwDnQ', '837903bb-0bda-5acb-89a2-9d18498db122', 'Quodsi ut scientia ipsam viverinstruc confere accur non, etriaque laborteat ut bonum appellatin maluisti sum anum.'), ('2025-06-25T15:30:04.659Z', 'https://conject.io/_next/image?url=https%3A%2F%2Fbewgymyresxixvkkqbzl.supabase.co%2Fstorage%2Fv1%2Fobject%2Fpublic%2Fstatement-images%2Fb66e1e24-0fbf-4b51-95cc-5093d7f2a04c%2Fe857d479be%2Fconflict.png&w=3840&q=75', 'Dido studia disputata', '9QwVxf60vnJEjUTniwDnQ', 'f45b0292-8ba0-57b3-a4a4-61d49152f3fd', 'Atque aut summum non quot.');
INSERT INTO public.statement_citation (created_at,statement_id,author_names,title,title_publication,publisher,volume,issue,page_start,page_end,url,id,date,day,month,year,page_type) VALUES ('2025-06-25T15:30:04.660Z', '9QwVxf60vnJEjUTniwDnQ', 'Cathrine Hayes', 'Plane andissensib nomin', 'Plane andissensib nomin', 'Reiciatur', 'Reiciatur', 6, 52, 155, 'https://garner-virtue.info', 'aba47f00-a9bf-57b7-8469-6a0d7c501ea4', '2020-09-09T20:14:12.000Z', NULL, 3, 1930, 'Reiciatur'), ('2025-06-25T15:30:04.660Z', '9QwVxf60vnJEjUTniwDnQ', 'Hulda Hills', 'Ne cere procedatio', 'Ne cere procedatio', 'Vide', 'Vide', 4, 85, 199, 'https://staple-blazer.com', 'a97222c9-99eb-5710-bc94-3c6b0c2bd2de', '2020-08-12T07:32:56.000Z', NULL, 8, 1992, 'Vide'), ('2025-06-25T15:30:04.660Z', '9QwVxf60vnJEjUTniwDnQ', 'Khalil Botsford', 'Moveat praesent', 'Moveat praesent', 'Infanti', 'Infanti', 10, 1, 129, 'https://imaginarycontainer.name', 'd1bd6452-fd79-5078-89f1-cc70095279af', '2020-03-07T02:25:11.000Z', NULL, 12, 2009, 'Infanti'), ('2025-06-25T15:30:04.660Z', '9QwVxf60vnJEjUTniwDnQ', 'Sidney Mitchell', 'Indicita quoddam quasi', 'Indicita quoddam quasi', 'Sic', 'Sic', 5, 29, 143, 'https://intentionaldisagreement.org', '92a2ef09-aea8-5ace-9a33-90a790218d9c', '2020-03-19T14:08:08.000Z', NULL, 9, 1982, 'Sic'), ('2025-06-25T15:30:04.660Z', '9QwVxf60vnJEjUTniwDnQ', 'Delta Schumm', 'Partem quod', 'Partem quod', 'Neque', 'Neque', 1, 97, 129, 'https://rub-homogenate.info', 'f23e98a2-4073-5cbe-92fb-fd2c830ce85a', '2020-03-15T14:48:37.000Z', NULL, 11, 1997, 'Neque'), ('2025-06-25T15:30:04.660Z', '9QwVxf60vnJEjUTniwDnQ', 'Misael Barrows', 'Aeque doloraret qui', 'Aeque doloraret qui', 'Ne', 'Ne', 2, 32, 144, 'https://sidestep-algebra.info', 'c1c4a994-9fca-51b8-bee2-64327597782a', '2020-08-28T20:05:08.000Z', NULL, 12, 1955, 'Ne'), ('2025-06-25T15:30:04.660Z', '9QwVxf60vnJEjUTniwDnQ', 'Vella Steuber', 'Qui detracta et', 'Qui detracta et', 'Vivent', 'Vivent', 5, 64, 141, 'https://connect-pancreas.name', '65b103b6-6ecb-5e59-be46-b47ab94b3788', '2020-05-17T16:09:31.000Z', NULL, 8, 2021, 'Vivent'), ('2025-06-25T15:30:04.661Z', '9QwVxf60vnJEjUTniwDnQ', 'Juanita Corwin', 'Corpore os', 'Corpore os', 'Stoicos', 'Stoicos', 4, 54, 123, 'https://stencil-motion.name', '79997a76-fd40-5021-862b-4c993417beb9', '2020-06-14T18:08:30.000Z', NULL, 8, 2006, 'Stoicos'), ('2025-06-25T15:30:04.661Z', '9QwVxf60vnJEjUTniwDnQ', 'Audra Greenfelder', 'Vel afranius neque', 'Vel afranius neque', 'Modi', 'Modi', 5, 75, 128, 'https://attractive-gamebird.name', 'b8f4bebd-9764-5632-a384-c520ba35ff69', '2020-05-09T04:52:22.000Z', NULL, 10, 1936, 'Modi'), ('2025-06-25T15:30:04.661Z', '9QwVxf60vnJEjUTniwDnQ', 'Wilmer Abernathy', 'Magni quae', 'Magni quae', 'Doloremod', 'Doloremod', 2, 17, 175, 'https://luretell.biz', 'ed2e9dea-0367-5d0f-849c-cdd1e7d9d2d4', '2020-11-27T22:55:18.000Z', NULL, 3, 1992, 'Doloremod');
